text,category,label,reason_value,spans,evidences,use_evidence_loss,functional_valid,label0_has_evidence,functional_tags,functional_reason,functional_category,functional_row_idx,evidence_reason_merge,subset_label,model_wrong
"주님의 평화를 빕니다!안녕하세요? #ADDRESS 사목국 행정지원팀입니다. #ADDRESS에서 주문하신 ""하느님을 찾는 사람들"" 교재를 택배로 발송하였습니다. CJ대한통운이고 운송장 번호는 #TRACKING 입니다.행복한 오후 보내세요~",parcel,1,"해당 문자는 발신자가 신뢰할 수 있는 기관인 것처럼 가장하고 있으며, 특정 교재의 발송을 알리는 내용입니다. 그러나, 일반적으로 금융기관이나 공공기관은 개인의 주문 내역에 대해 문자로 발송하지 않으며, 특히 택배 발송에 대한 정보는 사칭할 가능성이 높습니다. 또한, 운송장 번호와 같은 민감한 정보를 요구하는 경우가 많아 스미싱의 핵심 신호가 드러나 있습니다.",[],[],0,0,0,[],주문한 교재의 배송 발송 사실을 안내하고 있다.,parcel,,raw_reason_functional_left,5/5,1.0
[Web발신]안녕하세요 #OTHERS입니다. ★지정일 배송 요청 ★ 배송은 요청 하신 시점에 생산 일정 변경 지연 및 재고가 소진되거나  배송 당일 물류량이 많을 경우 지연될 수 있는 점 양해 부탁드립니다.이사예정이신분들은 기존 냉장고 가지고 가셨다가 꼭 폐가전 수거 요청해 주세요.★감사합니다.,parcel,1,"해당 문자는 발신자가 불분명하며, 배송 요청과 관련된 내용이 포함되어 있습니다. 또한, 폐가전 수거 요청을 언급하며, 이는 일반적인 배송 안내와는 다소 다른 내용으로 보입니다. 이러한 요소들은 수신자가 링크를 클릭하거나 추가 정보를 제공하도록 유도할 수 있는 스미싱의 전형적인 특징을 나타냅니다.",[],[],0,0,0,[],정상적인 배송 안내와 이사 시 폐가전 수거 요청을 포함한 정보성 내용이다.,parcel,,raw_reason_functional_left,5/5,1.0
[Web발신]안녕하세요 고객님 #NAME입니다 :)주문하신 제품 출고지가 #ADDRESS로 2번에 걸쳐 각각 배송될 예정입니다.최대한 빠른 시일내에 받으실 수 있도록 최선을 다하겠습니다.즐거운 하루되세요~,parcel,1,"해당 문자는 출처가 불분명한 발신자 이름과 주소를 사용하고 있으며, 고객님에게 배송 관련 정보를 제공하는 것처럼 보이지만, 실제로는 신뢰할 수 없는 출처에서 발송된 것으로 보입니다. 이러한 요소들은 스미싱의 전형적인 특징으로, 사용자가 링크를 클릭하거나 개인 정보를 제공하도록 유도할 수 있는 위험이 있습니다.",[],[],0,0,0,[],"정상적인 배송 안내를 제공하고 있으며, 고객에게 긍정적인 메시지를 전달하고 있다.",parcel,,raw_reason_functional_left,4/5,1.0
[Web발신] [CJ대한통운 오네(O-NE)_배송완료] 고객님의 상품이 배송 완료되었습니다. · 상품명 : 꽃담초 부케가르니 연꽃5.5L용기_20Y · 인수자(위탁장소) : #ADDRESS · 운송장번호 : #TRACKING 모두를 위한 단 하나의 배송! CJ대한통운 오네 ※ CJ대한통운 고객센터 : #PHONE /[CJ대한통운],parcel,1,"해당 문자는 배송 완료를 알리는 내용으로 보이지만, 발신자가 'Web발신'으로 표시되어 있어 신뢰할 수 있는 출처인지 확인할 수 없습니다. 또한, 인수자와 운송장번호가 구체적으로 기재되어 있지 않으며, 실제 배송과 관련된 정보가 아닌 경우가 많습니다. 이러한 요소들은 스미싱의 전형적인 특징으로, 사용자가 링크를 클릭하거나 추가 정보를 요구하는 상황으로 유도할 수 있습니다.",[],[],0,0,0,[],정상적인 배송 완료 안내를 제공하고 있다.,parcel,,raw_reason_functional_left,3/5,1.0
[Web발신][롯데마트] 주문완료안녕하세요 #NAME님!주문이 완료되었습니다.▶ 상품명 : 낙지(중)(마리)▶ 장바구니번호 : #TRACKING▶ 배송정보 : #ADDRESS,parcel,1,"해당 문자는 롯데마트를 사칭하여 주문 완료를 알리는 내용으로, 실제로는 사용자의 개인 정보를 탈취하거나 악성 링크를 클릭하게 유도할 수 있는 스미싱 신호가 포함되어 있습니다. 특히, 발신자가 'Web발신'으로 표시되어 있어 신뢰할 수 없는 출처에서 온 것임을 암시하며, 주문 내역과 배송정보를 언급하여 사용자의 경각심을 낮추려는 의도가 보입니다.","[[31, 43]]","[""주문이 완료되었습니다.""]",1,1,0,"[""payment_or_transaction_claim""]",주문 완료를 알리며 금전적 거래 상황을 제시하고 있다.,parcel,,raw_reason_functional_left,3/5,1.0
[Web발신][DB손해보험] 사고접수 #TRACKING 선진물류(주) 배상책임(배상책임) #TIME #TIME 일반보상파트 #NAME,parcel,1,"해당 문자는 ""사고접수""와 ""배상책임""이라는 용어를 사용하여 피해자가 보험 관련 정보를 확인하도록 유도하는 내용입니다. 또한, 발신자가 ""Web발신""으로 표시되어 있어 신뢰할 수 있는 출처인지 확인하기 어렵고, 특정 링크나 추가 정보를 요구하는 형태가 아닌 점에서 스미싱의 전형적인 특징을 보입니다. 이러한 요소들은 사용자가 링크를 클릭하거나 추가 정보를 제공하도록 유도할 수 있는 위험한 신호로 작용합니다.","[[16, 30]]","[""사고접수 #TRACKING""]",1,0,0,"[""credential_or_document_request""]",사고접수를 요구하며 추가적인 정보를 요청하는 행동을 유도한다.,parcel,,raw_reason_functional_left,4/5,1.0
"[Web발신]안녕하세요^^ #NAME입니다. 예약하신 제로G 저지 순차가 되어 발송예정입니다 대략 #TIME 배송되며 #ADDRESS가 변경되신분은 #TIME ""네이버톡톡""으로 안내바랍니다. 이 번호는 수신이 불가합니다.",parcel,1,"해당 문자는 발송자의 신원이 불분명하며, 예약된 상품의 배송에 대한 안내를 가장하고 있습니다. 또한, 수신이 불가한 번호로 안내하고 있어 사용자가 추가적인 정보를 확인하기 어렵게 만듭니다. 이러한 요소들은 스미싱의 전형적인 특징으로, 사용자가 링크를 클릭하거나 추가 정보를 제공하도록 유도할 수 있는 위험한 신호입니다.","[[66, 106]]","[""#ADDRESS가 변경되신분은 #TIME \""네이버톡톡\""으로 안내바랍니다.""]",1,0,0,"[""delivery_issue_claim""]",배송 주소 변경을 요구하며 추가 연락을 유도하고 있다.,parcel,,raw_reason_functional_left,5/5,1.0
월은 확고한 의지와 용기로 어려움을 극복하고 성취하는 달이 되길 진심으로 희망합니다. .#NAME 올림.* #TIME 부터 8%할인했읍니다..소량이라도 배송해드림니다. /전달: #TIME은 확고한 의지와 용,parcel,1,"해당 문자는 할인 혜택을 언급하며, 소량의 배송을 제안하고 있습니다. 이러한 내용은 일반적으로 신뢰할 수 있는 출처에서 제공되지 않는 정보이며, 불분명한 출처에서 오는 메시지로 보입니다. 또한, 할인과 배송을 강조하여 수신자가 링크를 클릭하거나 추가 정보를 제공하도록 유도하는 점에서 스미싱의 전형적인 특징을 가지고 있습니다.","[[69, 93]]","[""8%할인했읍니다..소량이라도 배송해드림니다.""]",1,1,0,"[""benefit_or_loan_lure""]",할인 혜택을 제시하여 반응을 유도하고 있다.,parcel,,raw_reason_functional_left,5/5,1.0
[Web발신][롯데마트] 주문완료안녕하세요 #NAME님!주문이 완료되었습니다.▶ 상품명 : 오늘좋은1등급우유(930ML2)▶ 장바구니번호 : #ACCOUNT▶ 배송정보 : #ADDRESS,parcel,1,"해당 문자는 롯데마트를 사칭하여 주문 완료를 알리는 내용으로, 실제로는 사용자의 개인 정보를 탈취하거나 악성 링크를 클릭하게 유도할 수 있는 스미싱 신호가 포함되어 있습니다. 특히, 발신자가 'Web발신'으로 되어 있어 신뢰할 수 있는 출처인지 확인할 수 없으며, 주문 내역과 배송 정보가 포함되어 있어 사용자가 클릭하도록 유도하는 방식이 스미싱의 전형적인 특징입니다.","[[31, 43]]","[""주문이 완료되었습니다.""]",1,1,0,"[""payment_or_transaction_claim""]",주문 완료를 알리며 금전 거래 상황을 제시하고 있다.,parcel,,raw_reason_functional_left,5/5,1.0
[Web발신]안녕하세요 고객님 홈플러스몰에서 주문주신 버터구이오징어 판매처입니다. 현재 주문량 급증으로 입고가 지연되고있습니다. #TIME 순차발송예정으로 조금만 기다려주시길 양해부탁드립니다. 고객님께 최대한 빠른 배송이 될 수 있도록 노력하겠습니다. 고객님께 불편을 드려 대단히 죄송합니다.,parcel,1,"해당 문자는 고객님을 대상으로 한 발신으로 보이며, 주문한 상품의 입고 지연에 대한 안내를 하고 있습니다. 그러나, 스미싱 문자에서는 종종 고객의 불안감을 조성하여 링크 클릭이나 개인 정보 입력을 유도하는 경우가 많습니다. 이 문자는 특정한 링크나 추가적인 행동을 요구하지 않지만, 발신자가 '홈플러스몰'이라고 주장하고 있으며, 실제로는 확인되지 않은 출처에서 온 메시지일 가능성이 있습니다. 따라서, 이러한 요소들이 스미싱 문자로 판단되는 근거가 됩니다.",[],[],0,0,0,[],정상적인 배송 지연 안내로 고객에게 양해를 요청하고 있다.,parcel,,raw_reason_functional_left,5/5,1.0
[Web발신]대신택배(일산대화)입니다.배송된 택배비￦6 000원오늘 꼭 입금부탁드립니다★국민은행 #NAME★#ACCOUNT,parcel,1,"해당 문자는 발신자가 '대신택배'라고 주장하며, 배송된 택배비를 입금하라고 요구하고 있습니다. 특히, 특정 은행 계좌 정보가 포함되어 있어 금전적 송금을 유도하고 있습니다. 이러한 요소는 스미싱의 전형적인 특징으로, 사기꾼이 실제 배송 서비스인 것처럼 가장하여 피해자로 하여금 돈을 송금하도록 유도하는 방식입니다.","[[21, 48]]","[""배송된 택배비￦6 000원오늘 꼭 입금부탁드립니다""]",1,0,0,"[""payment_or_transaction_claim""]",배송비 입금을 요구하며 긴급성을 부여하여 반응을 유도한다.,parcel,,raw_reason_functional_left,5/5,1.0
상주 #NAME님!! 안녕하세요.[KB손해보험 #NAME] ~ 고객께서 주문한 [근조화환]상품이 배송완료 되었습니다.감사합니다.꽃배달 대표기업 삼팔플라워대표전화 : #PHONE홈페이지 #URL고객의 마음까지 전해드리는 삼팔플라워,parcel,1,"해당 문자는 고객께서 주문한 상품이 배송 완료되었다고 주장하며, 대표전화와 홈페이지 링크를 포함하고 있습니다. 그러나 출처가 불분명한 업체인 '삼팔플라워'를 언급하고 있으며, 실제로 주문한 적이 없는 상품에 대한 언급이 있어 의심스러운 요소가 존재합니다. 또한, 링크를 클릭하도록 유도하는 형태로 보아 스미싱의 전형적인 특징을 가지고 있습니다.",[],[],0,0,0,[],주문한 상품의 배송 완료를 안내하는 정상적인 정보입니다.,parcel,,raw_reason_functional_left,5/5,1.0
[Web발신][에이원물류]인터넷발송입니다.문의 T. #PHONE (직통번호)호남(우리)화물택배 운송장 번호 보내드립니다. #TRACKING 입니다.,parcel,1,"해당 문자는 발신자가 불분명한 웹 발신으로, ""인터넷발송""이라는 표현과 함께 운송장 번호를 제공하고 있습니다. 또한, 문의 전화번호가 포함되어 있어 사용자가 추가적인 정보를 요청하도록 유도하고 있습니다. 이러한 요소들은 스미싱의 전형적인 특징으로, 사기꾼이 배송 관련 정보를 가장하여 피해자를 속이려는 의도가 드러납니다.","[[23, 42]]","[""문의 T. #PHONE (직통번호)""]",1,1,0,"[""link_or_contact_induction""]",전화 문의를 유도하여 추가적인 접촉을 시도하고 있다.,parcel,,raw_reason_functional_left,4/5,1.0
[Web발신]LG전자 배송으로 연락드렸으며 별도 발송된 알림톡/문자에서 배송일 확인 가능합니다.,parcel,1,"해당 문자는 ""별도 발송된 알림톡/문자에서 배송일 확인 가능합니다""라는 문구를 포함하고 있어, 수신자가 링크를 클릭하도록 유도하는 스미싱 신호가 있습니다. 또한, 발신자가 ""Web발신""으로 표시되어 있어 신뢰할 수 있는 출처인지 확인하기 어려운 점도 스미싱의 특징입니다.",[],[],0,0,0,[],"정상적인 배송 안내로, 배송일 확인을 위한 추가 정보 제공을 포함하고 있다.",parcel,,raw_reason_functional_left,4/5,1.0
[Web발신][W쇼핑]ARS 주문 시 남겨주신 주소가 정확하게 확인되지 않아 연락드렸으나 부재로 문자드립니다.배송시작이 지연되고 있으니 W쇼핑 고객센터로 연락 부탁드립니다. (#PHONE),parcel,1,"해당 문자는 W쇼핑을 가장하여 배송 지연에 대한 연락을 시도하고 있으며, 고객센터로의 연락을 요구하고 있습니다. 이러한 방식은 사기꾼들이 자주 사용하는 기법으로, 실제로는 존재하지 않는 문제를 제기하여 피해자로 하여금 연락을 하도록 유도하는 스미싱 신호로 해석될 수 있습니다.","[[26, 75], [76, 96]]","[""주소가 정확하게 확인되지 않아 연락드렸으나 부재로 문자드립니다.배송시작이 지연되고 있으니"", ""W쇼핑 고객센터로 연락 부탁드립니다.""]",1,1,0,"[""delivery_issue_claim"", ""link_or_contact_induction""]",배송 주소 문제를 언급하며 고객센터에 연락을 유도하고 있다.,parcel,,raw_reason_functional_left,4/5,1.0
안녕하세요 법률서점 입니다 헌법재판실무제요 개정3판이 출간 되었습니다 744페이지 35000?에 배송해 드립니다 수신을 원하지 않으시면 문자주세요. /전달: 전달: 전달: 전달: 전,parcel,1,"해당 문자는 법률서점에서 발송된 것처럼 보이지만, 수신자가 원하지 않는 경우 문자로 연락하라는 내용이 포함되어 있습니다. 이는 수신자가 의도하지 않은 광고나 판매를 유도하는 스미싱의 전형적인 특징입니다. 또한, 가격이 명시되어 있지만, 출처가 불분명하고 신뢰할 수 있는 정보인지 확인할 수 없는 점에서 스미싱의 가능성이 높습니다.","[[63, 82]]","[""수신을 원하지 않으시면 문자주세요.""]",1,1,0,"[""link_or_contact_induction""]",수신 거부를 요청하는 문구를 통해 추가적인 반응을 유도하고 있다.,parcel,,raw_reason_functional_left,5/5,1.0
[Web발신] [GS인천] 물류센터 내 탱크철거공사(#TIME~#TIME) 출하대 진출입로 변경되오니 주의운행 바랍니다.-진입 : 출하동 입구에서 우회전 (우회)-진출 : 현 진입로 이용,parcel,1,"해당 문자는 특정 시간에 물류센터 내에서 진행되는 공사에 대한 안내를 포함하고 있으며, 출하대 진출입로 변경에 대한 주의사항을 전달하고 있습니다. 그러나, 발신자가 'Web발신'으로 표시되어 있어 신뢰할 수 있는 출처인지 확인할 수 없으며, 일반적으로 공사 안내는 공식적인 경로를 통해 이루어지기 때문에 이와 같은 방식으로 전달되는 것은 의심스러운 요소로 작용합니다. 이러한 점에서 스미싱 문자로 판단됩니다.",[],[],0,0,0,[],정상적인 물류센터 공사 안내로 출하대 진출입로 변경에 대한 정보를 제공하고 있다.,parcel,,raw_reason_functional_left,5/5,1.0
[Web발신][맥커스]#NAME님 주문하신 상품의 배송안내입니다□주문번호 : #TRACKING□송장번호 : 한진택배/#TRACKING*택배사가 기존 CJ대한통운에서 한진택배로 변경되었으니 참고부탁드립니다!감사합니다!▷[맥커스] 바로가기 :#URL,parcel,1,"해당 문자는 배송 안내를 가장하고 있지만, 택배사가 변경되었다는 내용과 함께 링크를 포함하고 있습니다. 이는 사용자가 링크를 클릭하도록 유도하여 개인 정보를 탈취하거나 멀웨어를 다운로드하게 할 수 있는 스미싱의 전형적인 방식입니다. 또한, 발신자가 'Web발신'으로 표시되어 있어 신뢰성을 떨어뜨리는 요소가 있습니다.","[[75, 114], [120, 137]]","[""택배사가 기존 CJ대한통운에서 한진택배로 변경되었으니 참고부탁드립니다!"", ""▷[맥커스] 바로가기 :#URL""]",1,1,0,"[""delivery_issue_claim"", ""link_or_contact_induction""]",택배사 변경을 알리며 링크 클릭을 유도하여 추가 행동을 요구한다.,parcel,,raw_reason_functional_left,3/5,1.0
[Web발신]([806]넥스트비전) *폴링인견민소매원피스 발송일자 안내* 고객님  대단히 죄송합니다ㅠㅠ 주문하신 [폴링인견민소매원피스] 제품이 오입고로 인해 #TIME경 발송 예정입니다! 최대한 빠르게 출고드릴 수 있도록 노력하겠습니다. 본의 아니게 배송지연으로 불편을 드려 죄송합니다. ㅠ.ㅠ (문자 수신불가 번호입니다) /문자알림,parcel,1,"해당 문자는 고객님께 발송된 것으로 보이지만, 특정 제품에 대한 오입고와 발송 지연을 언급하며 사과하는 내용이 포함되어 있습니다. 그러나 발신자가 '넥스트비전'이라는 이름으로 되어 있으며, 이는 일반적으로 알려진 브랜드가 아닐 수 있습니다. 또한, 문자 수신불가 번호라는 점에서 신뢰성을 떨어뜨리는 요소가 있습니다. 이러한 요소들은 스미싱의 전형적인 특징으로, 사용자를 속이기 위한 의도가 내포되어 있을 가능성이 높습니다.","[[58, 104], [105, 132]]","[""주문하신 [폴링인견민소매원피스] 제품이 오입고로 인해 #TIME경 발송 예정입니다!"", ""최대한 빠르게 출고드릴 수 있도록 노력하겠습니다.""]",1,1,0,"[""delivery_issue_claim"", ""urgency_or_deadline_pressure""]",배송 지연을 언급하며 빠른 출고를 약속하여 고객의 반응을 유도한다.,parcel,,raw_reason_functional_left,4/5,1.0
[Web발신][CJ대한통운 택배_배송완료]고객님의 상품이 배송 완료되었습니다.ㆍ상품명 : 예쁘진무드핀턱코튼팬츠색상블랙black 사이즈XL외 1ㆍ인수자(위탁장소) : #NAMEㆍ운송장번호 : #TRACKING※ CJ /KISA 신고 메시지,parcel,1,"해당 문자는 배송 완료를 알리는 내용으로 보이지만, 발신자가 'Web발신'으로 표시되어 있어 신뢰할 수 있는 출처인지 확인할 수 없습니다. 또한, 인수자와 운송장번호가 '#NAME'과 '#TRACKING'으로 표기되어 있어 실제 정보를 제공하지 않고 있습니다. 이러한 요소들은 스미싱의 전형적인 특징으로, 사용자를 속이기 위한 의도가 의심됩니다.",[],[],0,0,0,[],정상적인 배송 완료 안내를 제공하고 있다.,parcel,,raw_reason_functional_left,3/5,1.0
[Web발신]안녕하십니까. #NAME.#NAME부부입니다.#TIME부터 메론출하를 시작으로 약 2주정도 출하 예정입니다. 메론신청은 아래 홈페이지로 신청받습니다. 택배배송은 신청하신 순번대로 진행됩니다.홈페이지;#URL(선물하실경우 수취인추가기능이용)계좌;#ACCOUNT농협(#NAME),parcel,1,"해당 문자는 출처가 불분명한 링크와 계좌 정보가 포함되어 있어 스미싱의 전형적인 특징을 보입니다. 특히, 메론 출하와 관련된 신청을 유도하며, 홈페이지 링크를 클릭하도록 유도하는 점에서 사기꾼의 의도가 드러납니다. 또한, 특정한 개인 정보나 금융 정보를 요구하는 요소가 있어 스미싱으로 판단됩니다.","[[68, 90], [91, 113]]","[""메론신청은 아래 홈페이지로 신청받습니다."", ""택배배송은 신청하신 순번대로 진행됩니다.""]",1,1,0,"[""link_or_contact_induction"", ""delivery_issue_claim""]","홈페이지를 통해 신청을 유도하고, 배송 순번에 대한 언급으로 추가 조치를 요구한다.",parcel,,raw_reason_functional_left,3/5,1.0
[Web발신][GS SHOP] 고객님께서 상담받으신 흥국생명 (#TIME) 방송의 사은품 내열유리 밀폐용기 10조이 #TIME 이내에 배송예정입니다  *업체사정으로 1~2일 배송이 지연될 수도 있으니 양해 부탁드립니다  ♡당신의 가장좋은 선택을 만듭니다 (문의:#PHONE),parcel,1,"해당 문자는 고객님께 상담받으신 방송의 사은품 배송에 대한 내용으로 보이지만, 발신자가 'Web발신'으로 표시되어 있어 신뢰할 수 있는 출처인지 확인할 수 없습니다. 또한, 사은품 배송을 언급하며 긴급성을 부각시키는 내용이 포함되어 있어 사용자가 링크를 클릭하거나 추가 정보를 제공하도록 유도할 가능성이 있습니다. 이러한 요소들은 스미싱의 전형적인 특징으로, 주의가 필요합니다.",[],[],0,0,0,[],정상적인 배송 예정 안내와 배송 지연에 대한 양해 요청이 포함되어 있다.,parcel,,raw_reason_functional_left,4/5,1.0
[Web발신]안녕하세요 #NAME 판매자입니다.  주문하신 상품은 연휴 이후 택배사 순차 배송으로 #TIME 중 출고예정으 최대한 빠른 배송이 되도록 요청하겠습니다불편하시겠지만 고객님의 소중한 시간 양해 부탁드리겠습니다. 감사합니다.,parcel,1,"해당 문자는 발신자가 불분명하고, 주문한 상품에 대한 배송 정보를 제공하는 것처럼 보이지만, 구체적인 상품명이나 주문 내역이 언급되지 않아 신뢰성을 떨어뜨립니다. 또한, 연휴 이후 배송을 언급하며 고객의 양해를 구하는 내용은 일반적인 상업적 메시지에서 자주 사용되는 수법으로, 사기꾼이 고객을 속이기 위해 사용하는 전형적인 방식입니다. 이러한 요소들은 스미싱의 핵심 신호로 작용합니다.",[],[],0,0,0,[],정상적인 배송 일정과 고객에 대한 양해를 요청하는 내용이 포함되어 있다.,parcel,,raw_reason_functional_left,4/5,1.0
[Web발신]안녕하세요. #NAME입니다.▶#OTHERS가 #TIME에 발송되었습니다.배송지역의 차이로 배송이 지연될수 있습니다. 목요일까지 신문을 못 받아 보신 독자님들은 #PHONE로 연락 부탁드립니다.교육신문 #NAME를 구독해 주셔서 감사합니다.,parcel,1,"해당 문자는 배송 지연에 대한 안내를 가장하고 있지만, 발신자가 불분명하며, 특정 개인 정보나 연락처를 요구하는 방식이 스미싱의 전형적인 특징을 보입니다. 또한, 수신자가 직접 연락을 하도록 유도하는 점에서 의심스러운 요소가 있습니다.","[[48, 72], [73, 115]]","[""배송지역의 차이로 배송이 지연될수 있습니다."", ""목요일까지 신문을 못 받아 보신 독자님들은 #PHONE로 연락 부탁드립니다.""]",1,1,0,"[""delivery_issue_claim"", ""link_or_contact_induction""]",배송 지연 문제를 언급하며 연락을 유도하고 있다.,parcel,,raw_reason_functional_left,4/5,1.0
[다이소몰] 주문이 완료되었습니다.- 주문번호 : #TRACKING- 주문자명 : #NAME- 주문금액 : 33 500원- 주문배송조회 : #URL,parcel,1,"해당 문자는 다이소몰을 사칭하여 주문이 완료되었다고 알리고 있으며, 주문번호와 주문금액, 배송조회 링크를 포함하고 있습니다. 이러한 요소들은 사용자가 링크를 클릭하도록 유도하여 개인 정보를 탈취하거나 멀웨어를 다운로드하게 만들기 위한 스미싱의 전형적인 방식입니다. 특히, 출처가 불분명한 링크가 포함되어 있어 스미싱의 핵심 신호로 작용합니다.",[],[],0,0,0,[],"주문 완료를 알리며, 배송조회 링크를 통해 추가적인 행동을 유도한다.",parcel,,raw_reason_functional_left,5/5,1.0
[Web발신]귀하의 차량이 #TIME 위반한 불법주정차 과태료고지서가 등기배송 후 부재로 인해 우편함에 배송이 되었음을 알려드리니 확인해보시기 바랍니다. [북구청 교통행정과],parcel,1,"해당 문자는 불법주정차 과태료 고지서를 언급하며, 부재로 인해 우편함에 배송되었다고 안내하고 있습니다. 이는 일반적으로 정부 기관에서 발송하는 공식적인 통지 방식과 유사하지만, 스미싱의 핵심 신호인 '불법주정차 과태료'와 같은 긴급성을 부각시키며 사용자가 링크를 클릭하거나 추가 정보를 제공하도록 유도할 가능성이 있습니다. 또한, 발신자가 '북구청 교통행정과'로 되어 있지만, 실제로 이러한 고지서는 일반적으로 등기우편으로 발송되므로, 문자 메시지를 통해 확인하라는 요청은 의심스러운 요소로 작용합니다.","[[7, 85]]","[""귀하의 차량이 #TIME 위반한 불법주정차 과태료고지서가 등기배송 후 부재로 인해 우편함에 배송이 되었음을 알려드리니 확인해보시기 바랍니다.""]",1,0,0,"[""authority_or_brand_impersonation""]",공공기관을 사칭하여 과태료 고지서를 언급하며 확인을 유도하고 있다.,parcel,,raw_reason_functional_left,5/5,1.0
딸수록부자농장 (#NAME) #TIME부터 선착순 배송예정아래 링크로 주문 바라며카톡이나 문자주문시전화 문의 바랍니다 ~#URL /전달: 딸수록부자농장 (#NAME),parcel,1,"해당 문자는 선착순 배송을 언급하며 링크를 클릭하도록 유도하고 있습니다. 출처가 불분명한 링크를 포함하고 있어 스미싱의 전형적인 특징을 보이고 있습니다. 또한, 특정 브랜드나 서비스에 대한 신뢰를 이용하여 사람들을 속이려는 의도가 엿보입니다.","[[32, 71]]","[""아래 링크로 주문 바라며카톡이나 문자주문시전화 문의 바랍니다 ~#URL""]",1,1,0,"[""link_or_contact_induction""]",주문을 유도하는 링크 클릭과 전화 문의를 요청하고 있다.,parcel,,raw_reason_functional_left,3/5,1.0
[Web발신][무인택배]서강대국제학사A-4 인증번호[#PASSWORD] 수신자[#PHONE] 기사[#PHONE],parcel,1,"해당 문자는 ""인증번호""라는 표현이 포함되어 있어, 수신자가 인증번호를 입력하도록 유도하는 스미싱의 전형적인 특징을 보입니다. 또한, 발신자가 ""무인택배""로 되어 있어 신뢰할 수 없는 출처에서 온 메시지로 의심됩니다. 이러한 요소들은 스미싱 공격의 전형적인 신호로 간주됩니다.","[[24, 51]]","[""인증번호[#PASSWORD] 수신자[#PHONE]""]",1,1,0,"[""credential_or_document_request""]",인증번호를 요구하여 개인정보를 유출하도록 유도한다.,parcel,,raw_reason_functional_left,5/5,1.0
[Web발신]#NAME(#ADDRESS) 상차완료 안내 ▶거래일 : #TIME ▶품목 : 황금알리버가드1 ▶중량 : 15 180kg ▶배송차량 : #OTHERS ▶기사명 : #NAME ▶기사연락처 : #PHONE 감사합니다. -서부사료-,parcel,1,"해당 문자는 배송 관련 정보를 제공하는 것처럼 보이지만, 발신자가 '서부사료'라는 이름으로 되어 있어 신뢰성을 의심하게 만듭니다. 또한, 구체적인 거래일, 품목, 중량 등의 정보가 포함되어 있지만, 실제로는 이러한 정보가 사기꾼에 의해 조작되었을 가능성이 높습니다. 특히, 발신자가 불분명하고, 수신자가 예상치 못한 배송 관련 메시지를 받았다는 점에서 스미싱의 핵심 신호가 나타납니다.",[],[],0,0,0,[],배송 상태와 거래일에 대한 일반적인 안내를 제공하고 있다.,parcel,,raw_reason_functional_left,3/5,1.0
[Web발신][FMC] #TIME 배송 업체 변경 안내 변경일 : #TIME부터 배송일 : 2일소요  (기존 1일) 임시주문불가 : #TIME - #TIME 임시배송불가 : #TIME - #TIME   더 나아진 품질과 배송 서비스로 보답 드리겠습니다. 감사합니다. /제목없음,parcel,1,"해당 문자는 배송 업체 변경 안내를 가장하고 있으며, 구체적인 업체명이나 신뢰할 수 있는 출처가 명시되어 있지 않습니다. 또한, 배송일 변경과 임시 주문 불가 등의 내용이 포함되어 있어 수신자가 불안감을 느끼게 하여 링크 클릭이나 추가 정보를 요구할 가능성이 높습니다. 이러한 요소들은 스미싱의 전형적인 특징으로, 사기꾼이 피해자를 속이기 위해 사용하는 기법입니다.","[[65, 110]]","[""임시주문불가 : #TIME - #TIME 임시배송불가 : #TIME - #TIME""]",1,0,0,"[""urgency_or_deadline_pressure""]",배송 업체 변경과 임시 주문 및 배송 불가 기간을 안내하며 긴급한 조치를 유도한다.,parcel,,raw_reason_functional_left,3/5,1.0
[Web발신] #NAME님 주문하신 PP국물컵【FP-신105/대】흰색/셋트■ 상품 배송은 잘 받으셨나요?항상 고객님이 좋은 상품을 빠르게 받아보실 수 있도록 최선을 다하고 있답니다.받으신 상품 관련 문의는 고객센터로 문의주시면 친절하게 안내해 드리겠습니다.이용해주셔서 진심으로 감사드립니다.#ADDRESS,parcel,1,"해당 문자는 상품 배송에 대한 문의를 가장하여 고객님에게 연락하고 있으며, 고객센터로의 문의를 유도하고 있습니다. 이러한 방식은 일반적으로 스미싱에서 사용되는 기법으로, 사기꾼들이 신뢰를 얻기 위해 고객의 관심을 끌고 정보를 요구하는 형태입니다. 또한, 발신자가 'Web발신'으로 표시되어 있어 신뢰할 수 있는 출처인지 확인하기 어려운 점도 스미싱의 특징입니다.",[],[],0,0,0,[],상품 배송 상태와 고객센터 문의 안내를 통해 정상적인 서비스 절차를 전달하고 있다.,parcel,,raw_reason_functional_left,5/5,1.0
[][Web발신][CJ대한통운 택배_배송완료]고객님의 상품이 배송 완료되었습니다.ㆍ상품명 : 마흔에 읽는 니체 - 지금 이 순간을 위한 철학 수업ㆍ인수자(위탁장소) : #NAMEㆍ운송장번호 : #TRACKING※ CJ /KISA 신고 메시지,parcel,1,"해당 문자는 배송 완료를 알리는 내용으로 보이지만, 발신자가 ""Web발신""으로 표시되어 있어 신뢰할 수 있는 출처에서 온 것이 아닐 가능성이 높습니다. 또한, 인수자와 운송장번호가 #NAME과 #TRACKING으로 표기되어 있어 구체적인 정보가 결여되어 있습니다. 이러한 요소들은 스미싱의 전형적인 신호로, 사용자가 링크를 클릭하거나 추가 정보를 제공하도록 유도할 수 있는 위험이 있습니다.",[],[],0,0,0,[],정상적인 배송 완료 안내를 제공하고 있다.,parcel,,raw_reason_functional_left,4/5,1.0
[Web발신](주)바로퀵물류 안녕하세요~고객님~^^ 퀵서비스 이용시 빠르고 안전하게 배송해드리는 저희 바로퀵물류 #PHONE으로 꼭 이용부탁드립니다~ 오늘도 좋은하루 되시길바랍니다~ 감사합니다~^^*,parcel,1,"해당 문자는 발신자가 불분명한 웹 발신으로, 고객님에게 퀵서비스 이용을 권유하고 있습니다. 또한, 특정 전화번호로의 이용을 부탁하는 내용이 포함되어 있어, 사기꾼이 고객을 속이기 위해 신뢰를 주려는 의도가 엿보입니다. 이러한 요소들은 스미싱의 전형적인 특징으로, 사용자가 링크를 클릭하거나 전화를 걸도록 유도하는 방식입니다.",[],[],0,0,0,[],정상적인 퀵서비스 이용 안내와 고객 인사를 포함하고 있다.,parcel,,raw_reason_functional_left,3/5,1.0
[Web발신]#OTHERS 출고완료 안내▶상품: 1. 시어서커 반팔블라우스 [아이보리]▶택배사: #OTHERS▶송장번호: #TRACKING주문하신 상품이 출고 완료되었습니다.택배사 사정에 따라 주말 및 공휴일 제외 #TIME 소요될 수 있습니다.감사합니다. /알림 #TIME,parcel,1,"해당 문자는 출고 완료 안내를 가장하고 있지만, 발신자가 'Web발신'으로 표시되어 있으며, 구체적인 택배사 이름이나 송장번호가 아닌 '#OTHERS'와 '#TRACKING'이라는 불분명한 표현이 사용되고 있습니다. 이는 신뢰할 수 있는 배송업체의 공식 메시지에서 기대할 수 있는 정보가 아니며, 스미싱의 전형적인 특징인 의심스러운 출처와 불명확한 내용이 포함되어 있습니다.",[],[],0,0,0,[],상품 출고 완료와 배송 소요 시간을 안내하는 정상적인 배송 정보이다.,parcel,,raw_reason_functional_left,3/5,1.0
[Web발신]안녕하세요 고객님판매처 커피몰입니다죄송하게도 고객님께서 주문하신 상품이 이동중 파손으로 저희쪽으로 반입되어 #TIME 생상품으로 재출고처리예정입니다파손과 배송지연으로 불편을 드려 죄송합니다문의사항이 있으시면 #PHONE로 연락부탁드리겠습니다감사합니다,parcel,1,"해당 문자는 고객님께서 주문한 상품이 파손되었다고 주장하며, 재출고 처리 예정이라는 내용을 담고 있습니다. 또한, 문의사항이 있을 경우 특정 전화번호로 연락하라고 안내하고 있습니다. 이러한 방식은 일반적으로 신뢰할 수 있는 판매처에서 제공하는 정보와 유사하게 보이지만, 실제로는 사기꾼이 고객의 개인 정보를 얻기 위해 위장한 메시지일 가능성이 높습니다. 특히, 파손 및 배송 지연을 언급하며 긴급성을 조성하는 점은 스미싱의 전형적인 특징입니다.","[[32, 89], [112, 141]]","[""고객님께서 주문하신 상품이 이동중 파손으로 저희쪽으로 반입되어 #TIME 생상품으로 재출고처리예정입니다"", ""문의사항이 있으시면 #PHONE로 연락부탁드리겠습니다""]",1,1,0,"[""delivery_issue_claim"", ""link_or_contact_induction""]",배송 문제를 제시한 뒤 연락을 유도하여 추가 조치를 요구한다.,parcel,,raw_reason_functional_left,3/5,1.0
"""쿠에른""IFC몰 입니다!고객님의 소중한 상품이 금일 #TIME? 주문상품검수완료하였습니다!? 롯데택배 금일 발송되었습니다.고객님감사합니다 ? 오랫동안기다려주셔서감사합니다 오늘하루도 행복한 하루되세용?? IFC몰 쿠에른 /""쿠에른"" IFC몰 입니",parcel,1,"해당 문자는 ""고객님의 소중한 상품이 금일 주문상품검수완료하였습니다""라는 내용으로, 실제로는 존재하지 않는 주문에 대한 정보를 제공하고 있습니다. 또한, 발송된 상품에 대한 확인을 요구하는 듯한 문구가 포함되어 있어, 사용자가 링크를 클릭하거나 추가 정보를 제공하도록 유도할 가능성이 있습니다. 이러한 요소들은 스미싱의 전형적인 특징으로, 사기꾼이 고객을 속이기 위해 사용하는 방식입니다.",[],[],0,0,0,[],"정상적인 배송 상태를 안내하고 있으며, 발송 완료를 알리는 내용이다.",parcel,,raw_reason_functional_left,3/5,1.0
[Web발신][딜리버리] #TIME 도착한 [택배]가 문서실(11층)으로 딜리버리 중입니다. (문의 #PHONE),parcel,1,"해당 문자는 택배 도착을 알리는 내용으로 보이지만, 출처가 불분명한 발신자와 함께 특정한 문의 전화번호를 제공하고 있습니다. 이는 일반적으로 스미싱에서 사용되는 방식으로, 수신자가 링크를 클릭하거나 전화를 걸도록 유도할 수 있는 요소가 포함되어 있습니다. 또한, 택배 관련 메시지는 종종 스미싱 공격에 사용되는 주제 중 하나입니다.","[[53, 62]]","[""문의 #PHONE""]",1,1,0,"[""link_or_contact_induction""]",문의 전화번호를 통해 추가 접촉 행동을 유도하고 있다.,parcel,,raw_reason_functional_left,5/5,1.0
[Web발신](광고)안녕하세요. #NAME입니다.#TIME 쭈꾸미가 나오고 있습니다.1키로 10~20미30 000원택배비별도 4 500원주소 #ADDRESS 주시고 입금 후 문자주시면 택배보내드립니다.포장관계로 #TIME까지만 주문 받을게요.통화가 어려울 수 있으니 문자주시면 확인 후 출발합니다.무료거부 #PHONE 인증#PASSWORD,parcel,1,"해당 문자는 출처가 불분명한 광고 메시지로, 특정 상품(쭈꾸미)의 구매를 유도하고 있습니다. 또한, 입금을 요구하며 주소와 연락처를 요청하는 내용이 포함되어 있어, 이는 일반적인 상거래의 형태를 띠고 있지만, 신뢰할 수 없는 출처에서 오는 메시지로 보입니다. 특히, 인증 코드와 비밀번호를 요구하는 부분은 스미싱의 핵심 신호로, 개인 정보를 탈취하려는 의도가 의심됩니다. 이러한 요소들로 인해 이 문자는 스미싱 문자로 판단됩니다.","[[76, 112], [112, 135], [135, 166]]","[""주소 #ADDRESS 주시고 입금 후 문자주시면 택배보내드립니다."", ""포장관계로 #TIME까지만 주문 받을게요."", ""통화가 어려울 수 있으니 문자주시면 확인 후 출발합니다.""]",1,1,0,"[""delivery_issue_claim"", ""urgency_or_deadline_pressure"", ""link_or_contact_induction""]",주소 제공과 입금을 요구하며 긴급한 주문을 유도하고 추가 연락을 요청한다.,parcel,,raw_reason_functional_left,3/5,1.0
[Web발신][데일리원더]안녕하세요. #NAME 고객님께서 주문해주신 상품이 #TIME 발송되었습니다.▶주문번호: #TRACKING▶상품명: 데일리원더 헤어▶택배사: 우체국택배▶운송장번호: #TRACKING 감사합니다.,parcel,1,"해당 문자는 발송된 상품에 대한 정보를 제공하는 것처럼 보이지만, 스미싱의 핵심 신호가 포함되어 있습니다. 특히, 발신자가 'Web발신'으로 표시되어 있으며, 고객님께서 주문한 상품에 대한 정보가 포함되어 있지만, 실제로는 주문 내역이 확인되지 않는 경우가 많습니다. 또한, 링크나 추가적인 행동을 유도하는 요소가 없지만, 발신자가 신뢰할 수 없는 경우가 많아 주의가 필요합니다.",[],[],0,0,0,[],정상적인 배송 완료 안내를 포함하고 있다.,parcel,,raw_reason_functional_left,5/5,1.0
[Web발신][짱죽]안녕하세요. #NAME님 [*^__^* 봄빛♡세일템! ▶냉장이유식 골고루 5팩 + 보리차 1봉] 우체국택배로 발송대기 중입니다.#TRACKING로 수령예정입니다. 감사합니다^^*,parcel,1,"해당 문자는 ""우체국택배로 발송대기 중입니다""라는 내용으로, 수령을 위한 링크나 추가 정보를 요구하는 형태가 아닌, 발송 대기 상태를 알리는 메시지입니다. 그러나, 발신자가 ""짱죽""이라는 비정상적인 이름을 사용하고 있으며, 일반적으로 금융기관이나 공신력 있는 기관에서 발송하는 메시지와는 다른 비공식적인 표현이 사용되고 있습니다. 이러한 요소들은 스미싱의 전형적인 신호로, 수신자가 링크를 클릭하도록 유도할 가능성이 있습니다.",[],[],0,0,0,[],정상적인 배송 상태와 수령 예정일을 안내하고 있다.,parcel,,raw_reason_functional_left,3/5,1.0
파페치 주문 번호 #TRACKING의 상품이 발송되었습니다. 배송 현황은 다음 링크에서 확인하실 수 있어요: #URL,parcel,1,"해당 문자는 배송 현황을 확인할 수 있는 링크를 포함하고 있으며, 출처가 불분명한 URL을 클릭하도록 유도하고 있습니다. 이는 스미싱의 전형적인 특징으로, 사용자가 링크를 클릭하게 만들어 개인 정보를 탈취하거나 멀웨어를 다운로드하도록 하는 의도가 있을 수 있습니다.",[],[],0,0,0,[],상품 발송과 배송 현황 확인에 대한 정상적인 안내를 제공하고 있다.,parcel,,raw_reason_functional_left,5/5,1.0
[Web발신]#NAME에서 주문한 배송시작발송일시 : #TIME 차량번호 : #OTHERS 기사연락처 : 상품이 도착하면 전자전표 서명 부탁드립니다.#URL /Untitled,parcel,1,"해당 문자는 배송 관련 정보를 제공하는 것처럼 보이지만, 발신자가 불분명하고 링크가 포함되어 있어 클릭을 유도하는 스미싱의 전형적인 특징을 가지고 있습니다. 또한, 전자전표 서명을 요청하는 내용은 사용자가 개인 정보를 입력하도록 유도할 수 있는 위험 요소입니다. 이러한 점에서 스미싱 문자로 판단됩니다.","[[59, 87]]","[""상품이 도착하면 전자전표 서명 부탁드립니다.#URL""]",1,1,0,"[""link_or_contact_induction""]",상품 수령 후 서명을 요청하며 링크 클릭을 유도한다.,parcel,,raw_reason_functional_left,4/5,1.0
[Web발신]수입멸균우유판매처입니다. 저희쪽 배송실수로 밀크시크릿우유가 6개입 과배송되어 불편을 드려죄송합니다. 판매처로 연락주시면 빠른처리도와드리겠습니다.,parcel,1,"해당 문자는 배송 실수로 인한 과배송을 언급하며, 판매처로 연락을 요구하고 있습니다. 이는 일반적으로 신뢰할 수 있는 업체가 아닌 경우에 발생할 수 있는 상황으로, 수신자가 링크를 클릭하거나 연락을 하도록 유도하는 스미싱의 전형적인 방식입니다. 또한, 발신자가 'Web발신'으로 표시되어 있어 신뢰성을 떨어뜨리는 요소가 있습니다.","[[25, 62], [63, 87]]","[""배송실수로 밀크시크릿우유가 6개입 과배송되어 불편을 드려죄송합니다."", ""판매처로 연락주시면 빠른처리도와드리겠습니다.""]",1,1,0,"[""delivery_issue_claim"", ""link_or_contact_induction""]",배송 실수를 언급하며 판매처에 연락을 유도하여 추가 조치를 요구한다.,parcel,,raw_reason_functional_left,5/5,1.0
[Web발신][셀리트 | 내 몸을 위한 엘리트 영양소]주문하신 셀리트 브로.. 배송시작  / CJ대한통운 #TRACKING,parcel,1,"해당 문자는 배송 관련 정보를 제공하는 것처럼 보이지만, 발신자가 '셀리트'라는 브랜드로 가장하고 있으며, 실제로는 사용자가 주문한 적이 없는 제품에 대한 배송 알림을 보내고 있습니다. 또한, 링크를 클릭하도록 유도하는 형태로, 이는 스미싱의 전형적인 특징입니다.",[],[],0,0,0,[],정상적인 배송 시작 안내를 제공하고 있다.,parcel,,raw_reason_functional_left,4/5,1.0
[Web발신]안녕하세요 휴대폰 액세서리 케이스핏입니다.현재 주문하신 제품은 주문제작 상품으로 배송이#TIME 소요될 것 같습니다.조금만 기다려 주시면 좋은 제품과 사은품 안전한 배송으로 보답하도록 노력하도록 하겠습니다.불편을 드려 죄송합니다.감사합니다.#URL /CASEFIT,parcel,1,"해당 문자는 주문제작 상품의 배송 지연을 알리는 내용으로 보이지만, 문자 내에 포함된 링크(#URL)는 클릭을 유도하는 요소로 작용할 수 있습니다. 또한, 발신자가 명확하지 않고, 사은품과 안전한 배송을 강조하며 불안감을 조성하는 점에서 스미싱의 전형적인 특징을 가지고 있습니다. 이러한 요소들은 수신자가 링크를 클릭하도록 유도하여 개인 정보를 탈취하거나 악성 소프트웨어를 다운로드하게 할 위험이 있습니다.",[],[],0,0,0,[],주문제작 상품의 배송 소요 시간과 고객에게 사은품을 제공하겠다는 내용이 포함되어 있어 정상 안내로 판단된다.,parcel,,raw_reason_functional_left,4/5,1.0
[Web발신]안녕하세요 #NAME입니다.주문해주신 해외제작 상품은 약 #TIME의 배송기간이 소요되며주문취소는 주문후 #TIME 이내에만 가능합니다.제품은 해외통관 이후 국내송장번호가 등록 됩니다.감사합니다.,parcel,1,"해당 문자는 해외제작 상품에 대한 배송 안내를 가장하고 있으며, 주문 취소와 관련된 정보를 제공하고 있습니다. 그러나 출처가 불분명하고, 특정한 주문 내역이나 고객 정보를 언급하지 않아 신뢰성을 결여하고 있습니다. 이러한 요소들은 스미싱의 전형적인 특징으로, 사용자가 링크를 클릭하거나 추가 정보를 제공하도록 유도할 수 있는 위험이 있습니다.","[[56, 83]]","[""주문취소는 주문후 #TIME 이내에만 가능합니다.""]",1,1,0,"[""urgency_or_deadline_pressure""]",주문 취소 마감 시간을 제시하여 긴급성을 부여하고 있다.,parcel,,raw_reason_functional_left,4/5,1.0
[Web발신]안녕하세요  (#NAME) 고객님 구름베이비 입니다. 배송이 늦어져서 죄송하고 기다려주셔서 정말 감사합니다.고객님께서 주문하신 제품 ( 5 )건중 오늘 ( 3 )건 발송 드리겠습니다.남은 리오더 제품( 2 )슈츠 아우터+팬츠세트 비비드 무지개 니트는 입고 되는대로 배송해드리겠습니다. 감사합니다.,parcel,1,"해당 문자는 배송 지연에 대한 사과와 함께 주문한 제품의 발송 정보를 제공하고 있습니다. 그러나, 스미싱 문자로 판단되는 이유는 발신자가 '구름베이비'라는 이름으로 특정 브랜드를 사칭하고 있으며, 고객님께서 주문한 제품에 대한 구체적인 정보가 포함되어 있어 신뢰를 주는 것처럼 보이지만, 실제로는 사기일 가능성이 있습니다. 또한, 발신자가 웹 발신으로 되어 있어 신뢰성을 떨어뜨리는 요소가 있습니다.",[],[],0,0,0,[],주문한 제품의 배송 상태를 안내하고 있어 정상적인 절차임을 보여준다.,parcel,,raw_reason_functional_left,5/5,1.0
[Web발신]○ 한국로지스풀 시화물류센터 #TIME 에 대한 서비스 만족도 평가입니다. 성실히 응해 주시면 향후 업무개선에 참고 하겠습니다. 서비스만족도평가->:#URL /Untitled,parcel,1,"해당 문자는 ""서비스만족도평가->:#URL""이라는 링크를 포함하고 있으며, 이는 사용자가 클릭하도록 유도하는 스미싱의 전형적인 신호입니다. 또한, 발신자가 ""한국로지스풀""이라는 이름을 사용하여 신뢰를 주려 하지만, 실제로는 불분명한 출처의 링크를 통해 개인 정보를 탈취하려는 의도가 있을 수 있습니다.","[[79, 94]]","[""서비스만족도평가->:#URL""]",1,1,0,"[""link_or_contact_induction""]",서비스 만족도 평가를 유도하며 링크 클릭을 요구하고 있다.,parcel,,raw_reason_functional_left,4/5,1.0
[Web발신] [CJ대한통운 오네(O-NE)_배송완료] 고객님의 상품이 배송 완료되었습니다. · 상품명 : NT[정관장] 홍삼지감 ★20포●1개 · 인수자(위탁장소) : #ADDRESS · 운송장번호 : #TRACKING 모두를 위한 단 하나의 배송! CJ대한통운 오네 ※ CJ대한통운 고객센터 : #PHONE /[CJ대한통운],parcel,1,"해당 문자는 배송 완료를 알리는 내용으로 보이지만, 스미싱의 핵심 신호가 존재합니다. 특히, 발신자가 'Web발신'으로 표시되어 있어 신뢰할 수 있는 공식 채널이 아닐 가능성이 높습니다. 또한, 인수자와 운송장번호가 특정되지 않고, 고객센터 전화번호가 제공되지 않는 점은 의심스러운 요소입니다. 이러한 요소들은 사용자가 링크를 클릭하거나 추가 정보를 제공하도록 유도할 수 있는 스미싱의 전형적인 방식입니다.",[],[],0,0,0,[],정상적인 배송 완료 안내를 제공하고 있다.,parcel,,raw_reason_functional_left,5/5,1.0
안녕하세요 고객님. 홈플러스 온라인 배송매니저입니다. 최근 코로나19 이슈로 고객님의 안전을 위해 비대면으로 배송해 드리고 /홈플러스 온라인 입니다.,parcel,1,"해당 문자는 홈플러스 온라인 배송매니저를 사칭하고 있으며, 코로나19 이슈를 언급하여 고객의 안전을 강조하고 있습니다. 이러한 방식은 사람들을 속여 링크를 클릭하게 하거나 추가 정보를 요구하는 스미싱의 전형적인 수법입니다. 또한, 비대면 배송이라는 주제를 통해 긴급성을 부각시켜 사용자의 경계를 낮추려는 의도가 보입니다.",[],[],0,0,0,[],"정상적인 배송 서비스 안내로 보이며, 고객의 안전을 위한 비대면 배송을 언급하고 있다.",parcel,,raw_reason_functional_left,4/5,1.0
[Web발신][숭실대 생활관]숭실대 생활관 관리운영실입니다. 현재 운영실에서 #OTHERS 분의 장기미수령택배를 보관 중이오니 신분증을 지참하시어 지하 1층 운영실 방문 바랍니다. 감사합니다.,parcel,1,"해당 문자는 ""장기미수령택배""라는 내용으로 수령을 요구하고 있으며, 신분증을 지참하라는 요청이 포함되어 있습니다. 이러한 요구는 일반적으로 사기꾼들이 피해자를 속이기 위해 사용하는 수법으로, 실제로는 존재하지 않는 택배를 언급하며 개인 정보를 요구하는 경우가 많습니다. 따라서 이 문자는 스미싱의 특성을 가지고 있습니다.","[[71, 100], [34, 70]]","[""신분증을 지참하시어 지하 1층 운영실 방문 바랍니다."", ""현재 운영실에서 #OTHERS 분의 장기미수령택배를 보관 중이오니""]",1,1,0,"[""credential_or_document_request"", ""delivery_issue_claim""]",장기 미수령 택배를 언급하며 신분증을 요구하고 운영실 방문을 유도한다.,parcel,,raw_reason_functional_left,5/5,1.0
● 전 차 종 ●● 자체개발 ●● 화물비무료 ●● 굴삭기 고무패드 ●● 굴삭기 고무트랙 ●● 고객만족도99.9% ●● 이탈방지 최소화 ●● 당일직접배송 ●● 장착및 폐트랙수거 ● /● 전 차 종 ● ● 자체개발 ●..,parcel,1,"해당 문자는 특정 제품에 대한 광고를 포함하고 있으며, 고객만족도와 같은 수치적 정보가 포함되어 있습니다. 또한, ""당일직접배송""과 같은 문구는 긴급성을 부각시키며, 이는 스미싱의 전형적인 특징 중 하나입니다. 이러한 요소들은 수신자가 클릭하도록 유도하는 방식으로, 스미싱 문자로 판단됩니다.",[],[],0,0,0,[],"정상적인 제품 및 서비스 정보를 제공하고 있으며, 고객 만족도를 강조하고 있다.",parcel,,raw_reason_functional_left,4/5,1.0
[Web발신]#NAME님 30디자인쿼드에서 보낸 상품이 배달예정 입니다. 대신택배 #ADDRESS,parcel,1,"해당 문자는 배송업체인 것처럼 가장하여 발송된 것으로 보입니다. ""배달예정""이라는 문구와 함께 특정 주소가 언급되어 있어, 수신자가 클릭하도록 유도하는 악성 링크가 포함되어 있을 가능성이 높습니다. 또한, 발신자가 ""Web발신""으로 표시되어 있어 신뢰할 수 있는 출처인지 확인하기 어려운 점도 스미싱의 특징입니다.",[],[],0,0,0,[],정상적인 배송 상태를 안내하는 내용이다.,parcel,,raw_reason_functional_left,4/5,1.0
cm 핏 예쁜 옷만 #NAME님의 배송이 시작되었습니다♡상품을 기다리실 #NAME님을 위해 얼른 달려갈게요-!상품명: 1. *[스키니] 모찌모찌해[숏ver] [화이트-S]택배사: CJ대한통운송장번호: #TRACKING /FW>알림 #TIME,parcel,1,"해당 문자는 배송이 시작되었다고 알리며, 특정 상품명과 택배사, 송장번호를 포함하고 있습니다. 그러나 출처가 불분명하고, 실제로 주문한 적이 없는 상품에 대한 정보가 포함되어 있어 사용자가 링크를 클릭하도록 유도할 가능성이 있습니다. 이러한 요소들은 스미싱의 전형적인 특징으로, 사기꾼이 배송 관련 정보를 가장하여 피해자를 속이려는 의도가 드러납니다.",[],[],0,0,0,[],정상적인 배송 시작 안내로 고객에게 배송 상황을 전달하고 있다.,parcel,,raw_reason_functional_left,4/5,1.0
[Web발신][인터파크]스마트폰 매크로 렌즈 스타 라이트 카메라 문의하신 상품은 해외배송상품으로 취소요청해주셨으나 현재 국내통관진행중이며 통관이 완료되는대로 고객님께 배송될 예정임으로 취소불가한 점 양해부탁드립니다.감사합니다.  /#TRACKING,parcel,1,"해당 문자는 ""해외배송상품으로 취소요청해주셨으나 현재 국내통관진행중""이라는 내용으로, 사용자가 요청하지 않은 배송 관련 정보를 제공하고 있습니다. 또한, ""취소불가한 점 양해부탁드립니다""라는 문구는 사용자가 불안감을 느끼게 하여 추가적인 행동을 유도할 수 있는 스미싱 신호로 작용합니다. 이러한 요소들은 스미싱의 전형적인 특징을 보여줍니다.","[[64, 120]]","[""현재 국내통관진행중이며 통관이 완료되는대로 고객님께 배송될 예정임으로 취소불가한 점 양해부탁드립니다.""]",1,1,0,"[""delivery_issue_claim""]",배송 진행 상황을 언급하며 취소 요청을 거부하고 양해를 구하는 내용으로 스미싱의 가능성이 있다.,parcel,,raw_reason_functional_left,4/5,1.0
[Web발신][3WAAU]오직 #NAME님만을 위한 상품이 완료되어  배송이 시작되었습니다.■ 주문일자:#TIME■ 주문번호:#TRACKING■ 주문상품: 3WAAU 맞춤형 헤어케어/화장품■ 배송정보:#OTHERS #TRACKING,parcel,1,"해당 문자는 발신자가 불분명한 웹 발신 메시지로, 특정 개인에게만 제공되는 상품에 대한 배송 정보를 제공하고 있습니다. 또한, 주문번호와 같은 민감한 정보를 포함하고 있으며, 사용자가 클릭할 수 있는 링크나 추가 정보를 요구하는 형태로 보입니다. 이러한 요소들은 스미싱의 전형적인 특징으로, 사용자를 속여 개인 정보를 유출하거나 악성 소프트웨어를 다운로드하도록 유도할 수 있는 위험이 있습니다.",[],[],0,0,0,[],정상적인 배송 시작과 고객 맞춤 상품 완료를 안내하고 있다.,parcel,,raw_reason_functional_left,4/5,1.0
[Web발신]#NAME님 주문하신 마일드 스테비아 커피믹스 20T 3+1박스 상품 배송은 잘 받으셨나요?항상 고객님이 좋은 상품을 빠르게 받아보실 수 있도록 최선을 다하고 있답니다.받으신 상품 관련 문의는 고객센터로 문의주시면 친절하게 안내해 드리겠습니다.이용해주셔서 진심으로 감사드립니다.Pulsesmall,parcel,1,"해당 문자는 고객님을 대상으로 한 배송 확인 메시지로 보이지만, 발신자가 'Pulsesmall'이라는 이름으로 되어 있어 신뢰할 수 있는 출처인지 확인할 수 없습니다. 또한, 상품 관련 문의를 고객센터로 유도하고 있으며, 이는 사용자가 추가적인 정보를 제공하도록 유도할 수 있는 스미싱의 전형적인 방식입니다. 이러한 요소들은 스미싱 문자로 판단되는 근거가 됩니다.",[],[],0,0,0,[],정상적인 배송 상태와 고객센터 문의 안내를 포함하고 있어 정상 안내로 판단된다.,parcel,,raw_reason_functional_left,4/5,1.0
[Web발신]안녕하세요 #ADDRESS에서 참외 농사를 짓고있는 #NAME입니다 싱싱한 참외 맛보세요주문전화 #PHONE택배비 포함 금액입니다못난이 5k ~ 15 000  10k ~ 27 000가정용 5k ~ 30 000  10k ~ 57 000선물용 5k ~ 38 000  10k ~ 68 000,parcel,1,"해당 문자는 특정 주소와 이름을 언급하며 참외 농사와 관련된 상품을 판매하는 내용을 담고 있습니다. 그러나 출처가 불분명하고, 가격 정보와 함께 주문 전화를 요구하는 점에서 스미싱의 전형적인 특징을 보입니다. 또한, 일반적으로 농산물 판매는 공식적인 경로를 통해 이루어지며, 이러한 방식으로 개인에게 직접적으로 판매를 유도하는 것은 의심스러운 요소로 작용합니다.","[[45, 67]]","[""싱싱한 참외 맛보세요주문전화 #PHONE""]",1,1,0,"[""benefit_or_loan_lure""]",신선한 농산물을 강조하며 주문 전화를 유도하고 있다.,parcel,,raw_reason_functional_left,4/5,1.0
[Web발신]#OTHERS 입니다. 주문하신 [더뉴 맥스크루즈 7인승 (15~19/2)] [더뉴 맥스크루즈 7인승 (15~19/2)] [1+2열  ] [브론즈] 의 제작이 완료되어 금일 발송처리 되었습니다.로젠택배 송장번호 : #TRACKING,parcel,1,"해당 문자는 주문한 상품의 발송을 알리는 내용으로 보이지만, 발신자가 'Web발신'으로 표시되어 있어 신뢰할 수 없는 출처에서 온 것으로 의심됩니다. 또한, 송장번호가 포함되어 있지만, 실제로 존재하지 않는 주문에 대한 정보일 가능성이 높아 스미싱의 핵심 신호가 나타나고 있습니다.",[],[],0,0,0,[],주문한 제품의 제작 완료와 발송 처리를 안내하는 정상적인 배송 상태를 전달하고 있다.,parcel,,raw_reason_functional_left,5/5,1.0
[Web발신][adidas] 상품 배송 안내  안녕하세요. #NAME 님 주문하신 상품이 발송 되었습니다. - 택배사 : #OTHERS - 운송장번호 : #TRACKING - 날짜 : #TIME - 주문번호 : #TRACKING 감사합니다.  고객센터 : #PHONE,parcel,1,"해당 문자는 발신자가 'adidas'로 되어 있으며, 상품 배송 안내를 가장하고 있습니다. 그러나 실제로는 신뢰할 수 없는 출처에서 발송된 것으로 보이며, 링크나 추가적인 정보 없이 단순히 배송 정보를 제공하는 형식입니다. 이러한 방식은 사용자가 링크를 클릭하도록 유도하거나 개인 정보를 입력하게 만들기 위한 스미싱의 전형적인 수법입니다.",[],[],0,0,0,[],상품의 발송 상태를 안내하는 정상적인 배송 안내입니다.,parcel,,raw_reason_functional_left,5/5,1.0
[Web발신]>⊙)))◁ ☆ 과메기!! 관풍대수산이 인사드립니다. #TIME 택배 판매를 시작하게 되었습니다!!! 많은 이용 부탁드립니다~♥~♥ /관풍대수산,parcel,1,"해당 문자는 ""택배 판매를 시작하게 되었습니다""라는 내용으로, 일반적으로 금융기관이나 공신력 있는 기관에서 제공하지 않는 서비스에 대한 광고를 포함하고 있습니다. 또한, 출처가 불분명한 웹 발신으로, 수신자가 클릭하도록 유도하는 요소가 있어 스미싱의 전형적인 특징을 보입니다.",[],[],0,0,0,[],정상적인 택배 판매 시작 안내로 보인다.,parcel,,raw_reason_functional_left,4/5,1.0
"[Web발신]안녕하세요 #NAME입니다!주문주신 화장실이 ""#TRACKING"" 로 발송되었습니다. 배송위치 조회 시 참고 부탁드립니다~! 감사합니다.",parcel,1,"해당 문자는 발신자가 불분명하며, 주문한 물품에 대한 배송 정보를 제공하는 것처럼 보이지만, 실제로는 수신자가 클릭하도록 유도하는 링크나 추가 정보를 요구하는 내용이 없습니다. 이러한 요소는 스미싱의 전형적인 특징으로, 수신자가 의심 없이 링크를 클릭하게 만들기 위한 의도가 내포되어 있을 수 있습니다.",[],[],0,0,0,[],정상적인 배송 상태와 배송 위치 조회에 대한 안내를 제공하고 있다.,parcel,,raw_reason_functional_left,5/5,1.0
일품김치 입니다. 고객님 주문하신 상품 오늘 출고 되어 내일 택배로 받으실 수 있습니다. /일품김치 입니다. 고객님 주문하신 상품 오늘 출고 되어,parcel,1,"해당 문자는 고객님께 주문한 상품의 출고와 관련된 내용을 담고 있으며, 출처가 불분명한 문자로 보입니다. 특히, 주문한 상품에 대한 정보가 포함되어 있지만, 실제로 주문한 내역이 없는 경우에는 사기일 가능성이 높습니다. 또한, 출고와 관련된 정보가 포함된 문자에서 링크나 추가적인 행동을 요구하지 않지만, 일반적으로 이러한 메시지는 사기꾼들이 사용하여 사람들을 속이기 위한 수단으로 활용될 수 있습니다.",[],[],0,0,0,[],정상적인 배송 출고 안내를 제공하고 있다.,parcel,,raw_reason_functional_left,5/5,1.0
[Web발신]안녕하세요 #NAME입니다.#TIME 현충일 휴무로 인하여배송이 불가하오니발주 하실때 참고 부탁드립니다.좋은 하루 되세요감사합니다^^,parcel,1,"해당 문자는 발신자가 불분명하며, 특정한 개인이나 기관을 명시하지 않고 있습니다. 또한, '배송이 불가하오니 발주 하실때 참고 부탁드립니다'라는 내용은 일반적인 배송 안내와는 다르게, 수신자가 발주를 하도록 유도하는 듯한 인상을 주어 스미싱의 전형적인 특징을 보입니다. 이러한 요소들은 수신자가 링크를 클릭하거나 추가적인 정보를 제공하도록 유도할 수 있는 위험한 신호로 작용합니다.",[],[],0,0,0,[],현충일 휴무로 인한 배송 불가 안내로 정상적인 정보 제공이다.,parcel,,raw_reason_functional_left,4/5,1.0
햅쌀 나왔습니다 20키로 54.000원 입니다햇것 참깨도 나왔습니다1키로 24.000원 입니다택배 배송은 #TIMEㅡ #ADDRESS에서 /전달: 전달: 전달: 전달: 전달: 햅쌀 나왔습니다 20,parcel,1,"해당 문자는 특정 상품(햅쌀, 참깨)의 가격과 배송 정보를 제공하고 있으며, 출처가 불분명한 점에서 스미싱의 특징을 보입니다. 또한, 일반적으로 금융기관이나 공신력 있는 기관이 아닌 개인이나 비공식적인 출처에서 이러한 상품 광고를 문자로 보내는 경우가 많아, 이는 스미싱의 가능성을 높이는 요소입니다.",[],[],0,0,0,[],"정상적인 상품 안내와 가격 정보를 제공하고 있으며, 배송에 대한 구체적인 정보는 포함되어 있지 않다.",parcel,,raw_reason_functional_left,4/5,1.0
[Web발신][엠지스토어]#NAME님 주문하신 상품의 배송안내입니다□주문번호 : #TRACKING□송장번호 : CJ대한통운/#TRACKING▷[엠지스토어] 바로가기 :#URL,parcel,1,"해당 문자는 배송 안내를 가장한 스미싱 문자로 보입니다. '엠지스토어'라는 이름을 사용하여 신뢰를 주려 하지만, 출처가 불분명한 링크가 포함되어 있어 클릭을 유도하고 있습니다. 또한, 주문번호와 송장번호가 포함되어 있지만, 이러한 정보는 사기꾼들이 쉽게 위조할 수 있는 요소입니다. 이러한 점에서 스미싱의 특성을 가지고 있습니다.","[[26, 37], [87, 97]]","[""상품의 배송안내입니다"", ""바로가기 :#URL""]",1,1,0,"[""delivery_issue_claim"", ""link_or_contact_induction""]",배송 안내를 하며 링크 클릭을 유도하고 있다.,parcel,,raw_reason_functional_left,4/5,1.0
[Web발신]귀하의 차량이 #TIME 위반한 불법주정차 과태료고지서가 등기배송 후 부재로 인해 우편함에 배송이 되어있음을 알려드리니 확인해보시기 바랍니다. [#OTHERS],parcel,1,"해당 문자는 불법주정차 과태료 고지서를 언급하며, 차량에 대한 위반 사실을 통지하고 있습니다. 이는 일반적으로 정부 기관이나 지방자치단체에서 발송하는 공식적인 통지와 유사하게 보일 수 있지만, 실제로는 사기꾼이 불법적인 방법으로 개인 정보를 유도하려는 의도가 있을 수 있습니다. 또한, '등기배송 후 부재'라는 표현은 수신자가 확인하지 않으면 불이익을 받을 것처럼 느끼게 하여 클릭을 유도하는 전형적인 스미싱 기법입니다.","[[25, 86]]","[""불법주정차 과태료고지서가 등기배송 후 부재로 인해 우편함에 배송이 되어있음을 알려드리니 확인해보시기 바랍니다.""]",1,0,0,"[""payment_or_transaction_claim""]",과태료 고지서를 언급하며 확인을 유도하여 금전적 반응을 이끌어내려 한다.,parcel,,raw_reason_functional_left,5/5,1.0
[Web발신][목양클럽 출고일 안내]안녕하세요. 특별한 섬김 #NAME입니다. #NAME 회원님의 원활한 주문을 위해 출고일 안내를 드립니다.● #TIME 2차 출고일 : #TIME(출고일 전날 오후 6시까지 주문완료 하신 건에 한해 출고일 배송)감사드리며  평안한 하루 보내세요 ♡ /#NAME_출고일 안내_#TRACKING,parcel,1,"해당 문자는 출고일 안내를 가장하여 발송된 것으로 보이며, 발신자가 불분명하고 특정 브랜드나 기관의 공식적인 메시지로 확인되지 않습니다. 또한, 주문을 완료하라는 내용이 포함되어 있어 사용자가 링크를 클릭하거나 추가 정보를 제공하도록 유도할 가능성이 있습니다. 이러한 요소들은 스미싱의 전형적인 특징으로, 사용자에게 위험을 초래할 수 있습니다.","[[102, 137], [13, 19]]","[""출고일 전날 오후 6시까지 주문완료 하신 건에 한해 출고일 배송"", ""출고일 안내""]",1,1,0,"[""urgency_or_deadline_pressure"", ""link_or_contact_induction""]",출고일 마감 시간을 제시하며 주문을 유도하고 있다.,parcel,,raw_reason_functional_left,5/5,1.0
[Web발신]안녕하세요 #NAME&#NAME종합물류입니다 #TIME에 저희일을하셔서 문자드립니다 현재 차량기사님들 모집중이며 차량 자사기사님들이 없다보니 거진 공유로 배차되고있습니다오더는 수도권 전지역 발생하고있습니다 연합사무실몇곳오더같이봅니다 인성1메인입니다 프로그램사용료 660원만 내시고 사용하시면됩니다 출근비없고 비대면 가입가능합니다,parcel,1,"해당 문자는 차량기사 모집을 가장하여 프로그램 사용료를 요구하고 있습니다. 특히, 출근비가 없고 비대면 가입이 가능하다는 점은 일반적인 구인 광고와는 다르게 의심스러운 요소로 작용합니다. 또한, 특정 금액을 요구하는 것은 스미싱의 전형적인 특징 중 하나입니다.","[[54, 101], [146, 172]]","[""현재 차량기사님들 모집중이며 차량 자사기사님들이 없다보니 거진 공유로 배차되고있습니다"", ""프로그램사용료 660원만 내시고 사용하시면됩니다""]",1,1,0,"[""benefit_or_loan_lure"", ""payment_or_transaction_claim""]",차량기사 모집과 프로그램 사용료를 언급하며 금전적 거래를 유도하고 있다.,parcel,,raw_reason_functional_left,5/5,1.0
[Web발신][KCC] #NAME 고객님주문하신 제품이 출고지에서 출문되었습니다.▶ 출고지 : #ADDRESS▶ 도착지 : #ADDRESS #NAME #PHONE배송정보 자세히 보기 : #URL,parcel,1,"해당 문자는 출처가 불분명한 링크를 포함하고 있으며, 배송 정보에 대한 안내를 가장하여 사용자를 속이려는 의도가 보입니다. 또한, 특정 고객 정보를 언급하고 있지만, 실제로는 사기꾼이 발송한 것으로 의심되는 요소가 있습니다. 이러한 점에서 스미싱 문자로 판단됩니다.",[],[],0,0,0,[],"정상적인 배송 상태를 안내하고 있으며, 배송정보를 확인할 수 있도록 유도한다.",parcel,,raw_reason_functional_left,5/5,1.0
[Web발신]#NAME 고객님 안녕하세요. 스토아팜 새도우 판매자입니다. 주문하신 상품이 주문자 성명 #NAME 오기재로 배송되었습니다. 우체국택배 #TRACKING로 #TIME 배송 완료되었습니다. 번거롭겠지만 확인 부탁드립니다. 죄송합니다,parcel,1,"해당 문자는 주문자 성명과 배송 추적 번호가 불분명하게 기재되어 있으며, 고객님에게 확인을 요청하는 내용이 포함되어 있습니다. 이는 사기꾼이 실제 배송 정보를 위장하여 피해자를 속이려는 시도로 해석될 수 있습니다. 또한, 발신자가 '스토아팜 새도우 판매자'라고 주장하지만, 일반적으로 이러한 정보는 공식적인 경로를 통해 제공되지 않으며, 출처가 불분명한 점이 스미싱의 핵심 신호로 작용합니다.","[[41, 76], [112, 129]]","[""주문하신 상품이 주문자 성명 #NAME 오기재로 배송되었습니다."", ""번거롭겠지만 확인 부탁드립니다.""]",1,1,0,"[""delivery_issue_claim"", ""link_or_contact_induction""]",배송 오류를 언급하며 확인을 요청하여 추가 행동을 유도한다.,parcel,,raw_reason_functional_left,3/5,1.0
[Web발신][계산서 도착 안내]안녕하세요. 카고페이입니다.#NAME님이 발행한 계산서가(유)#ADDRESS에 도착하여 처리 중 입니다.자세한 내용은 아래 버튼을눌러 확인해 주세요. /#PHONE,parcel,1,"해당 문자는 ""계산서 도착 안내""라는 제목으로 발신되었으며, 수신자에게 발행한 계산서가 도착했다고 주장하고 있습니다. 또한, ""자세한 내용은 아래 버튼을 눌러 확인해 주세요""라는 문구는 사용자가 링크를 클릭하도록 유도하는 전형적인 스미싱 신호입니다. 이러한 요소들은 사용자가 악성 링크를 클릭하게 하여 개인 정보를 탈취하거나 멀웨어를 다운로드하도록 유도할 수 있는 위험한 내용입니다.",[],[],0,0,0,[],링크 클릭을 유도하여 추가 정보를 확인하도록 유도한다.,parcel,,raw_reason_functional_left,5/5,1.0
[롯데카드] #NAME 님이 신청하신 카드가 오늘 배송될 예정입니다.■ 배송지 주소 : #ADDRESS■ 배송업체 : 주식회사 국제 ☎ #PHONE■ 배송원 : #NAME /제목없음,parcel,1,"해당 문자는 롯데카드의 배송을 가장하고 있으며, 배송지 주소와 배송업체, 배송원 정보를 포함하고 있습니다. 그러나 이러한 정보는 사기꾼들이 사용하여 피해자를 속이기 위해 위장할 수 있는 요소들입니다. 또한, 정상적인 카드 배송 과정에서 이러한 방식으로 연락을 취하는 것은 드물며, 특히 출처가 불분명한 전화번호와 함께 제공되는 점에서 스미싱의 핵심 신호가 나타납니다.",[],[],0,0,0,[],정상적인 카드 배송 안내와 배송지 주소 정보를 제공하고 있다.,parcel,,raw_reason_functional_left,5/5,1.0
[Web발신]더엑스샵(유)브라운컴퍼니 #TIME에 주문번호:#TRACKING의 주문이 완료되었습니다.약 #TIME 당일배송.,parcel,1,"해당 문자는 발신자가 '더엑스샵'이라는 이름을 사용하고 있으며, 주문번호와 배송 정보를 제공하는 것처럼 보입니다. 그러나 출처가 불분명하고, 실제로 해당 업체와의 거래가 없었던 경우에는 스미싱의 가능성이 높습니다. 또한, '당일배송'이라는 긴급성을 강조하여 수신자가 링크를 클릭하도록 유도할 수 있는 점이 스미싱의 전형적인 특징입니다.","[[28, 56], [56, 69]]","[""주문번호:#TRACKING의 주문이 완료되었습니다."", ""약 #TIME 당일배송.""]",1,1,0,"[""payment_or_transaction_claim"", ""urgency_or_deadline_pressure""]",주문 완료를 알리며 당일 배송을 강조하여 긴급성을 부여한다.,parcel,,raw_reason_functional_left,5/5,1.0
[Web발신]파이토웨이 출고완료 안내▶상품: 1. 계간지2. 트리플 마그네슘  1개3. 파이토웨이 공통삽지▶택배사: #OTHERS▶송장번호: #TRACKING주문하신 상품이 출고 완료되었습니다.택배사 사정에 따라 #OTHERS 제외 #TIME 소요될 수 있습니다.감사합니다. /알림 #TIME,parcel,1,"해당 문자는 출처가 불분명한 택배사와 송장번호를 사용하고 있으며, 특정 상품에 대한 출고 안내를 가장하고 있습니다. 또한, '택배사 사정에 따라'라는 문구는 수신자가 추가적인 행동을 하도록 유도할 수 있는 요소로 작용할 수 있습니다. 이러한 요소들은 스미싱의 전형적인 특징으로, 사용자가 링크를 클릭하거나 추가 정보를 제공하도록 유도할 가능성이 있습니다.",[],[],0,0,0,[],상품 출고 완료를 안내하는 정상적인 배송 상태를 전달하고 있다.,parcel,,raw_reason_functional_left,5/5,1.0
오전에(신규 갱신) 배송 예정이니 부재중이거나 #ADDRESS 바뀌신분들은 미리 연락부탁드립니다 /카드배송업체 마그넷서비스,parcel,1,"해당 문자는 배송 예정이라는 내용을 담고 있으며, 부재중이거나 주소가 변경된 경우 연락을 요청하고 있습니다. 이러한 방식은 일반적으로 배송업체가 사용하는 방식이지만, 특정 업체의 이름이 명시되지 않고 '마그넷서비스'라는 이름이 사용된 점에서 신뢰성이 떨어집니다. 또한, 수신자가 직접 연락을 하도록 유도하는 점은 스미싱의 전형적인 특징으로, 사기꾼이 피해자를 속이기 위해 사용하는 기법입니다.","[[19, 53]]","[""부재중이거나 #ADDRESS 바뀌신분들은 미리 연락부탁드립니다""]",1,1,0,"[""link_or_contact_induction""]",부재중이거나 주소 변경에 대한 연락을 유도하고 있다.,parcel,,raw_reason_functional_left,5/5,1.0
[Web발신][롯데ON] 고객센터 입니다. 안녕하세요 고객님 #NAME 입니다.감자 500g 당근 300g 으로 주문 해주신 걸로 확인 됩니다.상품 배송시 갯수가 아닌 그람수 로 배송 되는 상품 으로 배송 받은 그람수 확인 부탁 드립니다. 감사 합니다. 즐거운 하루 되세요,parcel,1,"해당 문자는 ""고객센터""를 사칭하여 특정 상품의 주문 내용을 확인하라는 내용으로, 고객의 개인 정보를 유출하거나 악성 링크를 클릭하게 유도할 가능성이 있습니다. 또한, 발신자가 ""롯데ON""이라고 명시하고 있지만, 실제로는 해당 브랜드와 무관한 사기일 수 있으며, 이러한 점에서 스미싱의 전형적인 특징을 보이고 있습니다.",[],[],0,0,0,[],정상적인 배송 안내와 고객 응대 내용을 포함하고 있다.,parcel,,raw_reason_functional_left,4/5,1.0
"[한국농업 대표기업 팜한농]""대구농약종묘사(영주)"" 주문하신 제품이 #TIME 공장에서 출고되었습니다.◎제품:뉴푸마시 입제 3KG 8EA 5 박스◎기사:택배1_경동택배 (전화 #PHONE )◎차량번호:#OTHERS",parcel,1,"해당 문자는 ""대구농약종묘사""라는 업체를 사칭하여 주문한 제품이 출고되었다고 알리고 있습니다. 그러나 실제로 한국농업 대표기업인 팜한농이 이러한 방식으로 문자 메시지를 보내는 경우는 드물며, 특히 출고 정보와 함께 전화번호와 차량번호를 포함하고 있어 수신자가 추가적인 정보를 확인하도록 유도하는 의도가 의심됩니다. 이러한 요소들은 스미싱의 전형적인 특징으로, 사용자가 링크를 클릭하거나 전화를 걸도록 유도할 가능성이 있습니다.",[],[],0,0,0,[],주문한 제품의 출고 및 택배사 정보를 정상적으로 안내하고 있다.,parcel,,raw_reason_functional_left,5/5,1.0
[Web발신]*주말/공휴일의 경우는 배차관계로 최대 #TIME 가량 소요될수 있습니다. 당일은 일부지역 폭설로 인해 배송이 더 지연될 수 있는점 양해 부탁드립니다. 정성껏 준비해서 최대한 빠르게 보내드리겠습니다.,parcel,1,"해당 문자는 배송 지연에 대한 안내를 포함하고 있으며, 발신자가 'Web발신'으로 표시되어 있습니다. 이는 일반적으로 스미싱 문자에서 사용되는 방식으로, 신뢰할 수 있는 출처가 아닌 경우가 많습니다. 또한, 특정한 링크나 개인 정보를 요구하는 내용이 없지만, 발신자의 신뢰성을 의심하게 만드는 요소가 포함되어 있습니다. 이러한 점에서 스미싱 문자로 판단됩니다.",[],[],0,0,0,[],배송 지연에 대한 일반적인 안내를 제공하고 있다.,parcel,,raw_reason_functional_left,3/5,1.0
[Web발신][무인택배]서강대국제학사C-15 인증번호[#PASSWORD] 수신자[#PHONE] 기사[#PHONE],parcel,1,"해당 문자는 ""무인택배""라는 발신자와 함께 인증번호를 요구하고 있으며, 수신자와 기사의 전화번호가 포함되어 있습니다. 이러한 요소들은 일반적으로 스미싱 공격에서 사용되는 방식으로, 수신자가 링크를 클릭하거나 인증번호를 입력하도록 유도하는 의도가 있을 수 있습니다. 또한, 발신자가 불분명하고, 일반적인 택배 서비스에서 보내는 메시지와는 다른 형식을 취하고 있어 스미싱의 가능성이 높습니다.","[[25, 52], [53, 63]]","[""인증번호[#PASSWORD] 수신자[#PHONE]"", ""기사[#PHONE]""]",1,1,0,"[""credential_or_document_request"", ""link_or_contact_induction""]",인증번호를 요구하며 수신자와 기사 정보를 통해 추가 접촉을 유도한다.,parcel,,raw_reason_functional_left,5/5,1.0
[Web발신]온라인 전시 설문지 참여해 주셔서 감사 드립니다. 기념품 택배 발송해 드렸습니다 동일 #ADDRESS에 중복 신청 하신분은 각 #ADDRESS에 하나씩 보내 드렸습니다.  /안녕하세요 #OTHERS입니다,parcel,1,"해당 문자는 기념품 택배 발송을 언급하며, 중복 신청에 대한 내용을 포함하고 있습니다. 이러한 내용은 수신자가 의도하지 않은 물품을 수령하게 하거나, 링크 클릭을 유도할 가능성이 있는 스미싱의 전형적인 특징을 보여줍니다. 또한, 발신자가 불분명하고, 특정한 주소나 개인 정보를 요구하는 요소가 포함되어 있어 스미싱의 신호로 판단됩니다.",[],[],0,0,0,[],기념품 택배 발송에 대한 정상적인 안내를 제공하고 있다.,parcel,,raw_reason_functional_left,3/5,1.0
[Web발신]안녕하세요. #NAME 고객님! 롯데하이마트 CS마스터 #NAME입니다. 고객님의 소중한 상품을 현관앞에 배송완료 하였습니다. 문의사항이 있으신 경우 연락주시면 친절하게 안내 드리겠습니다!  롯데하이마트를 이용해주셔서 진심으로 감사 드립니다. 오늘도 즐거운 하루 되십시오!,parcel,1,"해당 문자는 롯데하이마트를 사칭하여 고객님에게 배송 완료를 알리는 내용으로, 출처가 불분명한 메시지입니다. 또한, 고객의 소중한 상품을 현관 앞에 배송 완료했다고 주장하며, 문의사항이 있을 경우 연락하라고 유도하고 있습니다. 이러한 방식은 스미싱의 전형적인 특징으로, 사기꾼들이 사람들을 속이기 위해 사용하는 기법입니다.",[],[],0,0,0,[],정상적인 배송 완료 안내와 고객 문의에 대한 친절한 안내가 포함되어 있다.,parcel,,raw_reason_functional_left,5/5,1.0
안녕하세요. 고객님 애터미 전담배송 입니다. 고객님의 물품을 본인 전달하였습니다. 운송장번호 : #TRACKING 보내는고객 : 애터미 보내는 물품 : 소포라 퀸 소속 기사명 : #NAME 연락처 : #PHONE ※ 본인이 직접 제품을 수령하신 경우에는 사진보기가 제공되지 않습니다. 위탁사진 첨부 /유피로지스,parcel,1,"해당 문자는 애터미라는 브랜드를 사칭하여 고객님에게 물품이 전달되었다고 알리고 있습니다. 또한, 운송장번호와 기사명, 연락처를 포함하고 있어 신뢰성을 높이려는 시도를 하고 있습니다. 그러나 이러한 메시지는 실제로는 발신자가 확인되지 않으며, 수신자가 링크를 클릭하거나 추가 정보를 제공하도록 유도할 가능성이 있습니다. 특히, 발신자가 알려지지 않은 경우에는 스미싱의 위험이 높아지므로 주의가 필요합니다.","[[121, 158], [159, 173]]","[""본인이 직접 제품을 수령하신 경우에는 사진보기가 제공되지 않습니다."", ""위탁사진 첨부 /유피로지스""]",1,1,0,"[""delivery_issue_claim"", ""link_or_contact_induction""]",배송 수령에 대한 조건을 제시하며 추가적인 조치를 유도하고 있다.,parcel,,raw_reason_functional_left,5/5,1.0
[Web발신][중앙일보] 안녕하세요. 중앙일보 고객센터입니다. 다름이 아니라 중앙일보 신문이 배송 되고 있는데 잘 받아보셨는지 확인차 연락드렸습니다. 받지 못하셨다면 고객센터 #PHONE 으로 전화 부탁드립니다.,parcel,1,"해당 문자는 중앙일보 고객센터를 사칭하여 신문 배송 여부를 확인하는 내용입니다. 그러나 정상적인 고객 서비스에서는 배송 확인을 위해 직접 연락을 요구하지 않으며, 전화번호를 제공하는 방식도 스미싱의 전형적인 특징입니다. 이러한 요소들은 수신자가 개인 정보를 제공하도록 유도할 수 있는 위험한 신호로 작용합니다.",[],[],0,0,0,[],신문 배송 상태를 확인하고 고객센터에 연락을 요청하는 정상적인 절차를 안내하고 있다.,parcel,,raw_reason_functional_left,4/5,1.0
[Web발신]안녕하세요 #NAME 고객님GS프레시몰입니다.주문하신 상품의 배송이 시작되었습니다. ■주문번호: #TRACKING■주문상품: 자연마을백두대간 목심 구이용 400g 외 5건■배송예정: #TIME■배송주소: #ADDRESS GS프레시몰!,parcel,1,"해당 문자는 배송 관련 정보를 제공하는 것처럼 보이지만, 발신자가 'Web발신'으로 표시되어 있어 신뢰성을 의심하게 만듭니다. 또한, 주문번호, 배송주소 등 개인 정보가 포함되어 있으며, 이러한 정보는 사기꾼이 피해자를 속이기 위해 사용될 수 있는 요소입니다. 따라서 이 문자는 스미싱의 특성을 가지고 있습니다.",[],[],0,0,0,[],정상적인 배송 시작과 배송 예정일 안내를 제공하고 있다.,parcel,,raw_reason_functional_left,5/5,1.0
안녕 하세요 퀵엔화물전국24시화물 물류배송 업체입니다 적재물 보상보험 3억 가입한 정부에서 정식 승인받은 퀵.화물 물류배송 업체로 믿고 맡겨 주시면 신속 정확하게 최선을 다해서 처리해 드리겠습니다   대표전화 #PHONE (365일 주.야),parcel,1,"해당 문자는 정부에서 정식 승인받은 업체라고 주장하며, 적재물 보상보험에 대한 정보를 제공하고 있습니다. 그러나 일반적으로 금융기관이나 정부 기관은 문자로 대출이나 보험 가입을 권유하지 않으며, 이러한 내용은 스미싱의 전형적인 특징 중 하나입니다. 또한, 출처가 불분명한 업체의 연락처가 포함되어 있어 신뢰성을 의심하게 만드는 요소가 있습니다.","[[46, 82]]","[""정부에서 정식 승인받은 퀵.화물 물류배송 업체로 믿고 맡겨 주시면""]",1,1,0,"[""authority_or_brand_impersonation""]",정부의 승인을 내세워 신뢰를 확보하고 행동을 유도하고 있다.,parcel,,raw_reason_functional_left,4/5,1.0
[Web발신]키즈노트북 배송 시작!원본 PDF는 배송완료 #TIME 메일로 받을 수 있어요.배송추적: #URL,parcel,1,"해당 문자는 ""배송 시작""이라는 내용과 함께 링크를 포함하고 있으며, 출처가 불분명한 URL이 제공되고 있습니다. 이러한 요소들은 사용자가 링크를 클릭하도록 유도하여 개인 정보를 탈취하거나 멀웨어를 다운로드하게 만들 수 있는 스미싱의 전형적인 특징입니다. 또한, 발신자가 ""Web발신""으로 표시되어 있어 신뢰성을 떨어뜨리는 요소로 작용합니다.","[[13, 51], [51, 61]]","[""배송 시작!원본 PDF는 배송완료 #TIME 메일로 받을 수 있어요."", ""배송추적: #URL""]",1,1,0,"[""delivery_issue_claim"", ""link_or_contact_induction""]",배송 시작을 알리며 배송추적 링크를 통해 추가 조치를 유도한다.,parcel,,raw_reason_functional_left,5/5,1.0
[Web발신]딜리콤부티X지애 ♥상쾌한 하루의시작! 딜리콤부티 공구 open♥ #NAME님의 주문이 정상접수 되었습니다. [주문번호: #TRACKING] 주중 배송기준에 따라 상품이 배송됩니다. 감사합니다.★주문조회★> #URL,parcel,1,"해당 문자는 ""주문조회""라는 링크를 포함하고 있으며, 이는 사용자가 클릭하도록 유도하는 스미싱 신호로 작용합니다. 또한, 발신자가 ""딜리콤부티""라는 브랜드를 사칭하고 있으며, 주문번호와 같은 정보를 제공하여 신뢰성을 높이려는 시도가 보입니다. 이러한 요소들은 사용자가 개인 정보를 입력하거나 악성 소프트웨어를 다운로드하도록 유도할 수 있는 스미싱의 전형적인 특징입니다.",[],[],0,0,0,[],주문 접수와 배송 기준에 대한 정상적인 안내를 제공하고 있다.,parcel,,raw_reason_functional_left,3/5,1.0
[Web발신]#NAME&#NAME퀵종합물류입니다 기존가입하셨던 #OTHERS들께 보내는문자입니다 #OTHERS들은 출근비없으며 프로그램사용료 하루 660원만내고 사용하시면됩니다 ★ 비대면가입 ★ 가능하며 사무실방문은 #ADDRESS로 오셔야하합니다 감사합니다,parcel,1,"해당 문자는 비대면 가입을 강조하며, 출근비가 없고 프로그램 사용료를 요구하는 내용을 포함하고 있습니다. 이러한 내용은 일반적으로 신뢰할 수 있는 기업에서 제공하는 서비스와는 거리가 있으며, 특히 금융기관이나 공신력 있는 기관이 아닌 경우 대출이나 프로그램 사용료를 요구하는 것은 스미싱의 전형적인 특징입니다. 또한, 발신자가 불분명하고, 특정한 정보 없이 일반적인 안내만을 제공하고 있어 의심스러운 요소가 많습니다.","[[18, 53], [64, 98]]","[""퀵종합물류입니다 기존가입하셨던 #OTHERS들께 보내는문자입니다"", ""출근비없으며 프로그램사용료 하루 660원만내고 사용하시면됩니다""]",1,1,0,"[""authority_or_brand_impersonation"", ""benefit_or_loan_lure""]",퀵종합물류를 사칭하며 저렴한 비용으로 프로그램 사용을 유도하고 있다.,parcel,,raw_reason_functional_left,4/5,1.0
[Web발신][우포스]#NAME님 주문하신 상품의 배송안내입니다□주문번호 : #TRACKING□송장번호 : 우체국택배/#TRACKING▷[우포스] 바로가기 :#URL,parcel,1,"이 문자는 배송 안내를 가장하고 있으며, '우포스'라는 이름으로 발신되고 있습니다. 또한, 링크를 클릭하도록 유도하는 내용이 포함되어 있어 사용자가 악성 사이트로 유도될 가능성이 있습니다. 이러한 요소들은 스미싱의 전형적인 특징으로, 사기꾼이 배송 관련 정보를 가장하여 피해자를 속이려는 의도가 드러납니다.",[],[],0,0,0,[],정상적인 배송 안내와 주문번호를 제공하고 있다.,parcel,,raw_reason_functional_left,4/5,1.0
[Web발신][농협몰] e-하나로마트 창동점 배송이 완료되었습니다.■ 주문번호 : #TRACKING■ 상품 : 키위(한라스위트) 외 4건 /DFC_TMS배송안내,parcel,1,"해당 문자는 ""배송이 완료되었습니다""라는 내용으로, 일반적으로 배송 관련 메시지에서 자주 사용되는 문구입니다. 그러나 출처가 불분명한 ""Web발신""이라는 점과 함께, 주문번호와 상품 정보가 포함되어 있어 수신자가 클릭하도록 유도하는 요소가 있습니다. 이러한 요소들은 스미싱의 전형적인 특징으로, 사용자가 링크를 클릭하게 하여 개인 정보를 탈취하거나 악성 소프트웨어를 다운로드하도록 유도할 수 있습니다.",[],[],0,0,0,[],정상적인 배송 완료 안내를 제공하고 있다.,parcel,,raw_reason_functional_left,4/5,1.0
[Web발신]쉼터주유소 입니다. 등유 리터당 1290원(한드럼 25만8천원)으로 15만리터 한정으로 판매 중입니다. 필요하신 고객님께서는 예약주시기 바랍니다. 많은 예약으로 배송이 #TIME 소요될수 있습니다.(배송은 300리터 이상부터 입니다) /쉼터주유소 등유 특가판매 !!!,parcel,1,"해당 문자는 특정 제품(등유)의 가격과 한정 판매를 언급하며, 고객에게 예약을 요청하고 있습니다. 이러한 방식은 일반적으로 신뢰할 수 있는 기업이 아닌 사기꾼들이 사용하는 수법으로, 불특정 다수에게 발송된 문자로 보입니다. 또한, 배송 조건이 명시되어 있으나, 출처가 불분명하고, 일반적인 상거래에서 기대할 수 있는 공식적인 절차가 결여되어 있어 스미싱의 특성을 지니고 있습니다.","[[18, 64], [65, 88], [89, 117]]","[""등유 리터당 1290원(한드럼 25만8천원)으로 15만리터 한정으로 판매 중입니다."", ""필요하신 고객님께서는 예약주시기 바랍니다."", ""많은 예약으로 배송이 #TIME 소요될수 있습니다.""]",1,1,0,"[""benefit_or_loan_lure"", ""link_or_contact_induction"", ""urgency_or_deadline_pressure""]",한정 판매를 강조하며 예약을 유도하고 배송 지연에 대한 긴급성을 부여한다.,parcel,,raw_reason_functional_left,4/5,1.0
[Web발신]▣현대백화점 #ADDRESS 선물세트 배송 안내 ▣ #NAME님의 선물배송 의뢰건으로 #NAME님께 전화하였으나 부재중이시네요! 다시 전화드릴 예정입니다. 현대백화점 #ADDRESS.,parcel,1,"해당 문자는 현대백화점의 선물세트 배송 안내를 가장하고 있으며, 부재중으로 전화가 연결되지 않았다는 내용을 포함하고 있습니다. 이는 수신자가 불안감을 느끼게 하여 추가적인 행동을 유도할 수 있는 전형적인 스미싱 신호입니다. 또한, 발신자가 웹 발신으로 되어 있어 신뢰성을 떨어뜨리고, 실제로 현대백화점이 이러한 방식으로 연락을 취하는 경우는 드물기 때문에 스미싱으로 판단됩니다.","[[8, 33], [79, 93]]","[""현대백화점 #ADDRESS 선물세트 배송 안내"", ""다시 전화드릴 예정입니다.""]",1,1,0,"[""authority_or_brand_impersonation"", ""link_or_contact_induction""]","현대백화점을 사칭하여 배송 안내를 하며, 전화 연락을 유도하고 있다.",parcel,,raw_reason_functional_left,5/5,1.0
안녕하세요 #NAME 고객님GS프레시몰입니다.주문하신 상품이 곧 도착합니다.■주문번호: #TRACKING■주문상품: 포켓몬)로켓단초코롤 외 2건■배송예정: #TIME■수령위치: #ADDRESS당신을 아끼는 장보기  GS프레시몰!,parcel,1,"해당 문자는 GS프레시몰을 사칭하여 주문 상품의 배송을 알리는 내용으로, 실제로는 존재하지 않는 주문번호와 수령위치, 배송예정 시간을 포함하고 있습니다. 이러한 정보는 수신자가 링크를 클릭하거나 추가 정보를 제공하도록 유도할 수 있는 스미싱 신호로 작용합니다. 또한, 신뢰할 수 있는 브랜드를 가장하여 피해자를 속이려는 의도가 드러납니다.",[],[],0,0,0,[],주문 상품의 배송 예정일을 안내하고 있어 정상적인 배송 상태를 전달하고 있다.,parcel,,raw_reason_functional_left,3/5,1.0
[Web발신][#NAME] 고객님의 제품이 수리 완료되어 [로젠택배] 송장번호 #TRACKING 으로 발송되었습니다.감사합니다.,parcel,1,"해당 문자는 발신자가 불분명한 웹 발신으로, 고객님의 제품이 수리 완료되었다고 주장하며 송장번호를 제공하고 있습니다. 이러한 방식은 일반적으로 신뢰할 수 있는 기관이 아닌 사기꾼들이 사용하는 수법으로, 수신자가 링크를 클릭하거나 추가 정보를 요구하도록 유도할 수 있는 위험이 있습니다. 따라서 스미싱 문자로 판단됩니다.",[],[],0,0,0,[],제품 수리 완료 및 배송 발송 사실을 안내하고 있다.,parcel,,raw_reason_functional_left,5/5,1.0
[Web발신] [주류앱 달리 Dali]안녕하세요.주문하신 상품은 만족하셨나요?상품에 만족하셨다면 상품 리뷰를 남겨주세요!주문번호 : #TRACKING주문일자 : #TIME상품명 : [주문폭주  순차배송] 아트몬스터 수제맥주 5종 러브레토 패키지 [전용잔 증정] /#EMAIL,parcel,1,"해당 문자는 주문한 상품에 대한 리뷰 요청을 가장하고 있으며, 특정 상품명과 주문번호를 포함하고 있습니다. 그러나 이러한 메시지는 일반적으로 신뢰할 수 있는 상점이나 서비스에서 발송되지 않으며, 특히 '주문폭주'와 같은 문구는 소비자를 유도하여 클릭을 유도할 수 있는 스미싱 신호로 작용할 수 있습니다. 또한, 발신자가 'Web발신'으로 표시되어 있어 신뢰성을 떨어뜨리는 요소가 있습니다. 이러한 점에서 스미싱 문자로 판단됩니다.",[],[],0,0,0,[],고객이 주문한 상품에 대한 피드백을 요청하는 정상적인 안내이다.,parcel,,raw_reason_functional_left,5/5,1.0
[Web발신][학생복지스토어] 주문하신 상품의 배송이 시작 되었습니다. 운송장번호: #TRACKING 배송조회: #URL 학생복지스토어는 고객님의 제품을 안전하게 배송하기 위해 최선을 다하겠습니다. /제목없음,parcel,1,"해당 문자는 ""학생복지스토어""라는 출처를 주장하며 배송이 시작되었다고 알리고 있습니다. 그러나 출처가 불분명한 링크(#URL)가 포함되어 있어, 사용자가 클릭할 경우 악성 사이트로 유도될 가능성이 있습니다. 또한, 일반적으로 금융기관이나 공신력 있는 기관은 문자로 배송 관련 정보를 발송하지 않으며, 이러한 방식은 스미싱의 전형적인 특징입니다.",[],[],0,0,0,[],정상적인 배송 시작 안내를 제공하고 있다.,parcel,,raw_reason_functional_left,5/5,1.0
월부터 학교무상우유급식 멸균우유를 가정으로 배송하려고 합니다. 혹시라도 멸균우유를 받지 않으시려면 급식실(#PHONE)으로 전화주세요.오늘도 좋은 하루 되세요~^!^,parcel,1,"해당 문자는 학교 무상 우유 급식과 관련된 내용을 언급하고 있으며, 수신자가 멸균 우유를 받지 않으려면 급식실로 전화하라는 요청이 포함되어 있습니다. 이러한 방식은 수신자가 전화를 걸도록 유도하여 개인 정보를 요구하거나 다른 사기 행위로 이어질 수 있는 스미싱의 전형적인 특징을 보여줍니다.","[[35, 75]]","[""혹시라도 멸균우유를 받지 않으시려면 급식실(#PHONE)으로 전화주세요.""]",1,1,0,"[""link_or_contact_induction""]",우유 수령을 원하지 않을 경우 전화 문의를 유도하고 있다.,parcel,,raw_reason_functional_left,5/5,1.0
"[Web 발신]  
[CJ대한통운 택배]  

고객님 안녕하세요.  

고객님께서 주문하신 상품 도서 음반 DVD을 금일 원메일 사이에 배송 할 예정입니다.  

※ 실시간 배송정보 : #URL  

직접 수령이 어려우신 경우 상품을 맡겨둘 장소를 선택해주세요.  

※ 위탁장소 선택 : #URL  

■보내는분 : #NAME  
■운송장 번호 : #TRACKING  

[택배 담당자] CJ대한통운 수원지점 #ADDRESS  

교통상황에 따라 방문시간이 다소 변경될 수도 있습니다. 고객님의 양해를 부탁드립니다.  

빠르고 정확한 즐거운 택배!  
CJ대한통운을 이용해주셔서 감사합니다.  

더 자세한 배송정보 조회 안내  
#URL",parcel,0,"이 문자는 CJ대한통운이라는 신뢰할 수 있는 배송업체에서 발송된 것으로 보이며, 고객에게 배송 정보를 안내하는 정상적인 내용입니다. 스미싱의 핵심 신호인 의심스러운 링크나 개인 정보 요구가 없고, 배송 관련 정보와 고객 서비스 안내가 포함되어 있어 정상 안내 성격이 뚜렷합니다.","[[40, 87], [242, 289]]","[""고객님께서 주문하신 상품 도서 음반 DVD을 금일 원메일 사이에 배송 할 예정입니다."", ""교통상황에 따라 방문시간이 다소 변경될 수도 있습니다. 고객님의 양해를 부탁드립니다.""]",0,1,1,"[""routine_delivery_notice"", ""routine_delivery_notice""]",정상적인 배송 일정과 고객의 양해를 구하는 내용이 포함되어 있다.,parcel,,raw_reason_functional_left,3/5,1.0
"딩동♬  
고객님!  
진심을 다하는 롯데택배입니다.  

코로나19관련 고객님과 택배기사님의 안전을 위하여 비대면 배송으로 진행할 예정이오니 양해 부탁드립니다.  

저희 롯데택배는 보다 철저한 방역으로 고객님과 택배기사님의 안전을 지키기 위해 노력하겠습니다.  

님께서 기다리시던 상품을 가지고 출발합니다.  

■ 보내는 분(곳) : #ADDRESS  
■ 상품명 : [추천빅딜][스파오] 찬바람 불어올때 스파오 직영점에서 모아보는 FW 꿀템 클리어런스  
■ 운송장번호 : #TRACKING  
■ 배송지 : #ADDRESS  
■ 배송예정시간 : #TIME  

▶수령장소 선정 및 실시간 배송정보  
#URL  

불편하신 점이나 추가 문의사항은 고객센터 ☎#PHONE 또는 롯데택배 챗봇 LODA로 연락주세요.  

항상 롯데택배를 이용해주셔서 감사합니다.",parcel,0,"이 문자는 롯데택배에서 발송한 것으로 보이며, 고객에게 배송 관련 정보를 제공하는 정상적인 안내 메시지입니다. 스미싱의 핵심 신호인 의심스러운 링크나 개인 정보 요구가 없고, 고객센터 연락처와 같은 추가 문의 방법도 명시되어 있어 신뢰성을 높입니다. 또한, 비대면 배송에 대한 안내와 방역 조치에 대한 언급이 있어 고객의 안전을 고려한 내용으로 보입니다.","[[150, 174], [33, 90]]","[""님께서 기다리시던 상품을 가지고 출발합니다."", ""코로나19관련 고객님과 택배기사님의 안전을 위하여 비대면 배송으로 진행할 예정이오니 양해 부탁드립니다.""]",0,1,1,"[""routine_delivery_notice"", ""official_service_notice""]",정상적인 배송 출발 안내와 비대면 배송 절차에 대한 공지를 포함하고 있다.,parcel,,raw_reason_functional_left,5/5,1.0
"[Web발신]  
[CJ대한통운 택배]  

고객님 안녕하세요  

고객님께서 의뢰하신 택배상품 ●재활용백수거(추가송장발급가능)●의 집화(회수)를 위해 금일 #TIME 사이에 방문할 예정입니다.  

더 자세한 배송정보 조회 안내  
#URL  

[택배 담당자]  

교통상황에 따라 방문시간이 다소 변경될 수도 있습니다. 고객님의 양해를 부탁드립니다.  

빠르고 정확한 즐거운 택배!  
CJ대한통운을 이용해주셔서 감사합니다.",parcel,0,"이 문자는 CJ대한통운에서 발송된 것으로 보이며, 고객님께서 의뢰한 택배에 대한 안내를 포함하고 있습니다. 정상적인 배송 정보와 함께 고객의 양해를 구하는 내용이 포함되어 있어 스미싱의 핵심 신호가 부족합니다. 또한, 발신자가 명확하고, 제공된 링크가 배송 정보 조회를 위한 것으로 보이기 때문에 정상적인 안내 문자로 판단됩니다.","[[38, 108], [151, 198]]","[""고객님께서 의뢰하신 택배상품 ●재활용백수거(추가송장발급가능)●의 집화(회수)를 위해 금일 #TIME 사이에 방문할 예정입니다."", ""교통상황에 따라 방문시간이 다소 변경될 수도 있습니다. 고객님의 양해를 부탁드립니다.""]",0,1,1,"[""routine_delivery_notice"", ""routine_delivery_notice""]",정상적인 택배 배송 일정과 고객 양해를 요청하는 내용이 포함되어 있다.,parcel,,raw_reason_functional_left,5/5,1.0
"[Web 발신]  
[CJ대한통운 택배]  

고객님 안녕하세요.  

고객님께서 주문하신 상품 100원-200원대 추억의불량식품 모음을 금일 #TIME 사이에 배송 할 예정입니다.  

※ 실시간 배송정보 : #URL  

직접 수령이 어려우신 경우 상품을 맡겨둘 장소를 선택해주세요.  

※ 위탁장소 선택 : #URL  

■보내는 분 : #NAME  
■받는 분 :  
■운송장 번호 : #TRACKING  

[택배 담당자] CJ대한통운 수원지점 경기수원금호집배점  

교통상황에 따라 방문시간이 다소 변경될 수도 있습니다. 고객님의 양해를 부탁드립니다.  

빠르고 정확한 즐거운 택배!  
CJ대한통운을 이용해주셔서 감사합니다.  

더 자세한 배송정보 조회 안내  
#URL",parcel,0,"이 문자는 CJ대한통운이라는 신뢰할 수 있는 배송업체에서 발송된 것으로 보이며, 고객님께 배송 예정 상품에 대한 정보를 제공하고 있습니다. 또한, 배송 관련 안내가 명확하게 이루어지고 있으며, 스미싱의 핵심 신호인 의심스러운 링크나 개인 정보 요구가 없습니다. 따라서 정상 안내 성격이 보입니다.","[[40, 101], [268, 315]]","[""고객님께서 주문하신 상품 100원-200원대 추억의불량식품 모음을 금일 #TIME 사이에 배송 할 예정입니다."", ""교통상황에 따라 방문시간이 다소 변경될 수도 있습니다. 고객님의 양해를 부탁드립니다.""]",0,1,1,"[""routine_delivery_notice"", ""routine_delivery_notice""]",정상적인 배송 일정과 고객의 양해를 구하는 내용이 포함되어 있다.,parcel,,raw_reason_functional_left,4/5,1.0
"[니까] 배송 안내  
안녕하세요  
주문해주신 상품이 발송되었습니다.  

■ 주문번호: #TRACKING  
■ 상품명: [기획특가*5켤레이상] 도토미 기모 융털 양말 (2color)  
■ 택배사: CJ대한통운  
■ 운송장번호: #TRACKING  

공휴일을 제외한 #TIME 이내로 배송 완료될 예정입니다.  

문의 사항이 있으시면 고객센터로 문의해주세요.  
■ 고객센터 : #PHONE  

에이블리를 이용해 주셔서 감사합니다.",parcel,0,"이 문자는 주문한 상품의 발송에 대한 안내를 포함하고 있으며, 주문번호와 상품명, 택배사 및 운송장번호와 같은 구체적인 정보를 제공하고 있습니다. 또한, 고객센터 연락처를 안내하고 있어 정상적인 배송 안내의 성격을 보이고 있습니다. 스미싱의 핵심 신호가 부족하며, 신뢰할 수 있는 출처에서 발송된 것으로 보입니다.","[[21, 39], [145, 177]]","[""주문해주신 상품이 발송되었습니다."", ""공휴일을 제외한 #TIME 이내로 배송 완료될 예정입니다.""]",0,1,1,"[""routine_delivery_notice"", ""routine_delivery_notice""]",정상적인 배송 상태와 예상 배송 시간을 안내하고 있다.,parcel,,raw_reason_functional_left,4/5,0.0
[펩코코리아(주)] 님 주문하신 상품의 배송안내입니다 □주문번호 : #TRACKING □송장번호 : 우체국택배/#TRACKING ▷[펩코코리아(주)] 바로가기 : #URL,parcel,0,"해당 문자는 주문한 상품의 배송 안내를 포함하고 있으며, 정상적인 기업의 이름과 관련된 정보가 포함되어 있습니다. 또한, 스미싱의 핵심 신호인 의심스러운 링크나 개인 정보 요구가 없고, 배송 관련 정보만을 제공하고 있어 정상 안내 성격이 보입니다.","[[13, 29]]","[""주문하신 상품의 배송안내입니다""]",0,1,1,"[""routine_delivery_notice""]",정상적인 배송 안내를 제공하고 있다.,parcel,,raw_reason_functional_left,5/5,0.0
"안녕하세요. 고객님  
고객님의 소중한 상품이 출고되었습니다

■ 상품 : 563랩 매직착 헤어미스트 외 1건  
■ 택배사 : CJ대한통운  
■ 송장번호 : #TRACKING

563lab을 이용해주셔서 감사합니다:)

※안전하고 빠르게 배송될 수 있도록  
최선을 다하겠습니다  
※운송장 배송조회는 알림톡 수신 후  
익일부터 가능합니다

▶고객센터 : #PHONE  
▶상담시간 : #TIME  
   (주말/공휴일 휴무)  
   점심시간 #TIME

563lab 카카오톡 채널을 추가하면 광고와 마케팅메시지를 카카오톡으로 받아보실 수 있습니다.",parcel,0,"이 문자는 고객에게 상품 출고에 대한 안내를 제공하고 있으며, 특정 상품과 택배사, 송장번호 등의 정보를 포함하고 있습니다. 또한, 고객센터와 상담시간을 명시하여 고객이 필요한 경우 쉽게 연락할 수 있도록 하고 있습니다. 스미싱의 핵심 신호인 불분명한 출처나 악성 링크가 없으며, 정상적인 거래와 관련된 정보만을 담고 있어 정상 문자로 판단됩니다.","[[13, 33]]","[""고객님의 소중한 상품이 출고되었습니다""]",0,1,1,"[""routine_delivery_notice""]",상품 출고와 배송에 대한 정상적인 안내를 제공하고 있다.,parcel,,raw_reason_functional_left,4/5,0.0
[Web발신] [상패프로] 고객님의 주문이 완료 되었습니다. 주문번호 #TRACKING 감사합니다.,parcel,0,"해당 문자는 고객님의 주문이 완료되었다는 내용을 포함하고 있으며, 주문번호가 명시되어 있어 정상적인 거래에 대한 안내로 보입니다. 스미싱의 핵심 신호인 불분명한 출처의 링크나 금융정보 요구가 없기 때문에 정상 문자로 판단됩니다.",[],[],0,1,0,[],주문 완료에 대한 일반적인 안내를 제공하고 있다.,parcel,,raw_reason_functional_left,5/5,0.0
"릴렉시즘  
안녕하세요. 고객님  
고객님의 소중한 상품이 출고되었습니다  

■ 상품 : 슬림메이커 : 슬림메이커 FREE 1+1 색상 : 스킨 1개+블랙 1개  
■ 택배사 : 한진택배  
■ 송장번호 : #TRACKING  

릴렉시즘을 이용해주셔서 감사합니다:)  

※안전하고 빠르게 배송될 수 있도록  
최선을 다하겠습니다  
※제품 출고는 결제일 또는 입금 확인일로부터 영업일 기준 #TIME 정도 소요됩니다.  

출고 후 기본 배송일은 영업일 기준 #TIME 정도 소요되며,  
택배사 사정에 따라 기간은 소요될 수 있는 점 양해 부탁드립니다.  

▶고객센터 : #PHONE  
▶상담시간 : #TIME  
(주말/공휴일 휴무)  
점심시간 : #TIME  

채널 추가하고 이 채널의 광고와 마케팅 메시지를 카카오톡으로 받기",parcel,0,"이 문자는 고객에게 상품 출고에 대한 안내를 제공하고 있으며, 특정 상품명과 택배사, 송장번호 등의 구체적인 정보를 포함하고 있습니다. 또한, 고객센터 정보와 상담시간을 명시하여 고객이 필요한 경우 쉽게 연락할 수 있도록 하고 있습니다. 이러한 내용은 정상적인 안내 성격을 보이며, 스미싱의 핵심 신호인 악성 링크나 개인 정보 요구가 없기 때문에 정상 문자로 판단됩니다.","[[20, 40]]","[""고객님의 소중한 상품이 출고되었습니다""]",0,1,1,"[""routine_delivery_notice""]",상품 출고 및 배송 소요 기간에 대한 정상적인 안내를 제공하고 있다.,parcel,,raw_reason_functional_left,5/5,0.0
"[리빙픽]  
안녕하세요. 님!  

고객님께서 주문하신 상품이 금일 발송처리되었습니다.  

- 주문번호: #TRACKING  
- 상품명: 특허받은 안전한 링클리퍼  
- 택배사: CJ대한통운  
- 송장번호: #TRACKING  

 ※배송 예정일:  
공휴일 제외, #TIME 내에 수령 예정  

▶ 지금 바로 후기를 작성해주세요!  

▶ 리빙픽 바로가기  
#URL  
고객센터  
#PHONE",parcel,0,"이 문자는 고객님께서 주문한 상품의 발송을 알리는 내용으로, 주문번호와 상품명, 택배사 및 송장번호 등의 구체적인 정보를 제공하고 있습니다. 또한, 배송 예정일과 후기를 작성할 수 있는 링크를 안내하고 있어 정상적인 안내 성격이 보입니다. 스미싱의 핵심 신호인 불분명한 출처나 의심스러운 링크가 없으며, 고객의 주문과 관련된 정당한 정보로 판단됩니다.","[[21, 49], [145, 167]]","[""고객님께서 주문하신 상품이 금일 발송처리되었습니다."", ""공휴일 제외, #TIME 내에 수령 예정""]",0,1,1,"[""routine_delivery_notice"", ""routine_delivery_notice""]",주문한 상품의 발송과 배송 예정일을 안내하는 정상적인 정보이다.,parcel,,raw_reason_functional_left,5/5,0.0
"한진택배입니다.  
안녕하세요.  
한진택배 배송원 입니다.  

운송장번호 : #TRACKING  
송하인 :  
수하인 :  
주소 :  
상품명 : 다이어리  

비대면 배송을 위해 위탁장소(문앞)에 #TIME에 배송하였습니다.  
고객님의 소중한 상품을 찾아가 주세요.  
감사합니다.",parcel,0,"해당 문자는 한진택배에서 발송된 것으로 보이며, 배송 관련 정보를 제공하고 있습니다. 정상적인 배송 안내의 형식을 갖추고 있으며, 스미싱의 핵심 신호인 의심스러운 링크나 개인 정보 요구가 없습니다. 따라서 정상 안내 성격이 보입니다.","[[94, 130], [133, 154]]","[""비대면 배송을 위해 위탁장소(문앞)에 #TIME에 배송하였습니다."", ""고객님의 소중한 상품을 찾아가 주세요.""]",0,1,1,"[""routine_delivery_notice"", ""routine_delivery_notice""]",정상적인 배송 절차와 고객 안내를 포함하고 있다.,parcel,,raw_reason_functional_left,5/5,0.0
[신한카드] 회원님의 카드가 전달 완료되었습니다. 배송불편접수 (#PHONE),parcel,0,"해당 문자는 신한카드에서 발송된 것으로 보이며, 카드 배송 완료에 대한 안내를 포함하고 있습니다. 스미싱 핵심 신호가 부족하고, 정상적인 서비스 안내로 판단됩니다.","[[7, 27]]","[""회원님의 카드가 전달 완료되었습니다.""]",0,1,1,"[""routine_delivery_notice""]",카드 배송 완료에 대한 정상적인 안내를 제공하고 있다.,parcel,,raw_reason_functional_left,3/5,0.0
"＂ [바이슬림]＂

님  
주문하신 상품이 발송되었습니다.

- 날짜 : #TIME  
- 상품명 : [BOX소가죽]7cm키높이수제화 더비슈즈  
- 택배사 : 우체국택배  
- 운송장번호 : #TRACKING  

공휴일 제외 1~2일 내 도착 예정입니다!  
조금만 기다려주세요:)♥

▷ 바이슬림 고객센터  
☎ #PHONE  
평일 AM 10:00 - PM 5:00  
( 점심시간 #TIME )  
토/일/공휴일 휴무",parcel,0,"이 문자는 주문한 상품의 발송에 대한 안내를 포함하고 있으며, 배송 정보와 고객센터 연락처가 명시되어 있습니다. 또한, 스미싱의 핵심 신호인 의심스러운 링크나 개인 정보 요구가 없고, 정상적인 거래의 일환으로 보이는 내용이기 때문에 정상 문자로 판단됩니다.","[[15, 32], [121, 144]]","[""주문하신 상품이 발송되었습니다."", ""공휴일 제외 1~2일 내 도착 예정입니다!""]",0,1,1,"[""routine_delivery_notice"", ""routine_delivery_notice""]",상품 발송과 도착 예정일을 안내하는 정상적인 배송 정보이다.,parcel,,raw_reason_functional_left,4/5,0.0
"[다이소몰] 상품이 발송 되었습니다.

- 상품명 : 한미_5423전자렌지찜기_색
- 송장정보 : CJ택배/#TRACKING
- 실시간 배송조회 : #URL",parcel,0,"해당 문자는 상품 발송에 대한 안내로, 송장정보와 실시간 배송조회 링크가 포함되어 있습니다. 스미싱의 핵심 신호인 의심스러운 링크나 개인 정보 요구가 없으며, 정상적인 배송 안내의 성격을 보이고 있습니다.","[[7, 20], [48, 69]]","[""상품이 발송 되었습니다."", ""송장정보 : CJ택배/#TRACKING""]",0,1,1,"[""routine_delivery_notice"", ""routine_delivery_notice""]",상품 발송과 관련된 정상적인 배송 상태를 안내하고 있다.,parcel,,raw_reason_functional_left,4/5,0.0
"[라뷰]  
안녕하세요.  

주문하신 상품이 발송 되었습니다.  

- 주문자명 : #NAME  
- 수령자명 : #NAME  
- 날짜 : #TIME  
- 상품명 : [1+1][남녀공용] 트레이닝 하프 팬츠  
- 택배사 : CJ대한통운  
- 운송장번호 : #TRACKING  

공휴일 제외 1~2일 내에 배송될 예정입니다.  

▷ 라뷰 바로가기  
#URL  
고객센터  
(#PHONE)",parcel,0,"이 문자는 주문한 상품의 발송에 대한 안내를 포함하고 있으며, 주문자명, 수령자명, 상품명, 택배사 및 운송장번호와 같은 구체적인 정보를 제공하고 있습니다. 또한, 공휴일 제외 1~2일 내에 배송될 예정이라는 내용은 정상적인 배송 안내의 일환으로 보입니다. 스미싱의 핵심 신호인 불분명한 출처의 링크나 금융정보 요구가 없으므로 정상 문자로 판단됩니다.","[[17, 35], [161, 186]]","[""주문하신 상품이 발송 되었습니다."", ""공휴일 제외 1~2일 내에 배송될 예정입니다.""]",0,1,1,"[""routine_delivery_notice"", ""routine_delivery_notice""]",주문한 상품의 발송과 배송 예정일을 안내하는 정상적인 정보이다.,parcel,,raw_reason_functional_left,4/5,0.0
[Web발신] 이 번호는 문자수신이 불가합니다. 문의사항이 있으시면 쿠팡고객센터[#PHONE]로 연락주세요.,parcel,0,"해당 문자는 고객센터에 대한 안내를 포함하고 있으며, 특정 문제에 대한 해결을 요청하는 내용으로 보입니다. 스미싱의 핵심 신호인 악성 링크나 개인정보 요구가 없고, 정상적인 고객 서비스 절차를 따르고 있어 정상 문자로 판단됩니다.",[],[],0,1,0,[],고객센터 연락을 안내하는 정상적인 정보 제공이다.,parcel,,raw_reason_functional_left,5/5,0.0
[Web발신] 안녕하세요. #NAME 입니다.(#NAME)<컬러 매칭 자켓>제품 배송이 어려워 안내 문자 드립니다.기다려 주셨을텐데 실망 시켜드려 정말 죄송합니다. 환불 처리 안되셨을 경우 문의 글 남겨 주시면 처리 도움 드리겠습니다. 불편 드려 다시 한 번 사과 드립니다.,parcel,0,"해당 문자는 제품 배송에 대한 안내와 사과의 내용을 포함하고 있으며, 고객에게 환불 처리에 대한 문의를 요청하는 정상적인 안내 성격을 보입니다. 스미싱의 핵심 신호인 악성 링크나 개인정보 요구가 없고, 신뢰할 수 있는 고객 서비스의 형태로 보입니다.",[],[],0,1,0,[],제품 배송이 어려운 상황을 안내하고 환불 처리에 대한 문의를 요청하는 정상적인 안내 문자이다.,parcel,,raw_reason_functional_left,4/5,0.0
"로켓_배송지연 안내  
[Web발신]  
상품의 배송이 지연되고 있습니다.  
주문하신 상품(스카트 빨아쓰는 행주 50매 노랑)은 #TIME까지 배송하도록 하겠습니다.  
불편을 드려 죄송합니다. 최신 배송 정보는 마이쿠팡을 확인해주세요.  
[마이쿠팡] 바로가기: #URL",parcel,0,"이 문자는 배송 지연에 대한 안내를 제공하고 있으며, 특정 상품에 대한 정보를 포함하고 있습니다. 또한, 스미싱의 핵심 신호인 의심스러운 링크나 개인 정보 요구가 없고, 정상적인 고객 서비스의 일환으로 보이는 내용이 포함되어 있습니다.","[[23, 41], [44, 93]]","[""상품의 배송이 지연되고 있습니다."", ""주문하신 상품(스카트 빨아쓰는 행주 50매 노랑)은 #TIME까지 배송하도록 하겠습니다.""]",0,1,1,"[""routine_delivery_notice"", ""routine_delivery_notice""]",배송 지연에 대한 안내와 배송 예정 시간을 제공하고 있다.,parcel,,raw_reason_functional_left,4/5,0.0
"[주문 접수 안내]

주문해주셔서 감사합니다.

고객님의 소중한 주문이 정상 접수되어, #TIME 내외로 도착할 예정입니다.

- 주문 일시 : #TIME
- 주문 번호 : #TRACKING
- 매장명 : #OTHERS
- 주문 내역 : 새우버거세트 x 1 외 2 건
- 배달 주소 : #ADDRESS

※ 교통 및 기상 상황에 따라 도착시간이 달라질 수 있습니다.
안전한 배달을 약속드릴 테니 조금만 기다려주세요.",parcel,0,"해당 문자는 주문 접수에 대한 안내로, 고객에게 주문이 정상적으로 처리되었음을 알리고 있습니다. 주문 일시, 주문 번호, 매장명, 주문 내역, 배달 주소 등 구체적인 정보가 포함되어 있어 정상적인 안내 성격이 보입니다. 또한, 스미싱의 핵심 신호인 의심스러운 링크나 개인 정보 요구가 없으므로 스미싱으로 판단할 요소가 부족합니다.","[[27, 69], [205, 232]]","[""고객님의 소중한 주문이 정상 접수되어, #TIME 내외로 도착할 예정입니다."", ""안전한 배달을 약속드릴 테니 조금만 기다려주세요.""]",0,1,1,"[""routine_delivery_notice"", ""routine_delivery_notice""]",주문 접수와 배송 예정 시간을 안내하며 안전한 배달을 약속하는 정상적인 절차이다.,parcel,,raw_reason_functional_left,4/5,0.0
"배달이 완료되었습니다. 분실의 우려가 있으니 빠른 수령을 부탁 드립니다. 

● 주문일시: #TIME
● 주문번호: #TRACKING
● 주문매장: #ADDRESS
● 배송요청 사항: < 문 앞에 놔주세요 (초인종 O) >

채널 추가하고 이 채널의 광고와 마케팅 메시지를 카카오톡으로 받기",parcel,0,"해당 문자는 배달 완료에 대한 안내 메시지로, 주문일시, 주문번호, 주문매장 등의 구체적인 정보가 포함되어 있어 정상적인 안내 성격을 보입니다. 또한, 스미싱의 핵심 신호인 의심스러운 링크나 개인 정보 요구가 없기 때문에 스미싱으로 판단할 요소가 부족합니다.","[[0, 12], [13, 40]]","[""배달이 완료되었습니다."", ""분실의 우려가 있으니 빠른 수령을 부탁 드립니다.""]",0,1,1,"[""routine_delivery_notice"", ""benign_information""]",배송 완료를 알리고 빠른 수령을 요청하는 정상적인 안내 내용이다.,parcel,,raw_reason_functional_left,5/5,0.0
"[쿠팡 플렉스] 추가 수수료 안내 - 70,000원 추가 지급 #NAME, #TIME(일)에 기존에 안내한 것 보다 더 높은 배송 추가 수수료 안내입니다.

■추가 수수료 : 추가 70,000원, #TIME(일)은 기존 안내한 추가 수수료 중단. 해당 추가 수수료 조건으로 진행.
*배송완료 물량에 따른 수수료는 별도 지급

■적용 기간(배송일기준) : #TIME(일)
■적용 업무조 : 심야,새벽,주간,당일 (일반업무만)
■적용 캠프 : 유의사항 내 캠프대상

■ 유의사항 확인
#URL
※ 유의사항 미확인으로 인한 불이익은 보장해드릴 수 없습니다.

문의사항 : #URL
※CS채널은 순차적 응대로, 응답이 지체될 수 있습니다.
- 자주 묻는 질문(F&A) : #URL",parcel,0,"이 문자는 쿠팡 플렉스와 관련된 추가 수수료 안내로, 특정 조건과 기간에 대한 정보를 제공하고 있습니다. 또한, 문의사항을 위한 URL이 포함되어 있으며, 자주 묻는 질문(F&A) 링크도 제공되어 있어 정상적인 안내 성격이 보입니다. 스미싱의 핵심 신호인 불분명한 출처나 의심스러운 링크가 없고, 명확한 정보 전달이 이루어지고 있습니다.","[[9, 34], [158, 180]]","[""추가 수수료 안내 - 70,000원 추가 지급"", ""배송완료 물량에 따른 수수료는 별도 지급""]",0,1,1,"[""official_service_notice"", ""routine_delivery_notice""]",정상적인 추가 수수료 안내와 배송 관련 정보를 제공하고 있다.,parcel,,raw_reason_functional_left,5/5,0.0
"[다이소몰] 상품이 발송 되었습니다.

- 상품명 : [딜][다이소] 파스텔 브러
- 송장정보 : 한진택배/#TRACKING
- 실시간 배송조회 : #URL",parcel,0,"해당 문자는 상품 발송에 대한 안내로, 정상적인 배송 정보를 포함하고 있습니다. 송장정보와 실시간 배송조회 링크가 제공되며, 이는 일반적인 쇼핑몰의 배송 안내에서 흔히 볼 수 있는 내용입니다. 스미싱의 핵심 신호인 의심스러운 링크나 개인 정보 요구가 없으므로 정상 문자로 판단됩니다.","[[7, 20]]","[""상품이 발송 되었습니다.""]",0,1,1,"[""routine_delivery_notice""]",상품 발송에 대한 일반적인 배송 안내를 제공하고 있다.,parcel,,raw_reason_functional_left,4/5,0.0
"주문하신 더반찬& 제품이 배송되었습니다.

배송 받은 제품이 모두 도착했는지 모바일 주문서를 확인해 주세요.

- 주문하신 분 : 
- 받으시는 분 :
- 배송주소 : #ADDRESS
- 모바일 주문서 확인하기 
#URL

분실 우려 및 상품의 신선도 유지를 위해 빠른 확인 부탁드리며, 배송 현황은 아래 링크를 확인해 주세요.

- 배송완료 현황보기 
#URL",parcel,0,"이 문자는 주문한 제품의 배송 완료를 알리는 내용으로, 정상적인 안내 성격이 보입니다. 또한, 스미싱의 핵심 신호인 의심스러운 링크나 개인 정보 요구가 없으며, 배송 관련 정보를 제공하고 있습니다.","[[0, 22], [24, 60]]","[""주문하신 더반찬& 제품이 배송되었습니다."", ""배송 받은 제품이 모두 도착했는지 모바일 주문서를 확인해 주세요.""]",0,1,1,"[""routine_delivery_notice"", ""customer_requested_transaction_notice""]",정상적인 배송 완료 안내와 고객이 요청한 주문 확인을 안내하고 있다.,parcel,,raw_reason_functional_left,5/5,0.0
"[다이소몰] 상품이 발송 되었습니다.

- 상품명 : 10+10+10 라운드 옷걸
- 송장정보 : 롯데택배(구 현대택배)/#TRACKING
- 실시간 배송조회 : #URL",parcel,0,"해당 문자는 상품 발송에 대한 안내로, 송장정보와 실시간 배송조회 링크가 포함되어 있습니다. 스미싱의 핵심 신호인 불분명한 출처의 링크나 금융정보 요구가 없으며, 정상적인 배송 안내의 성격을 띠고 있습니다.","[[7, 20], [48, 67]]","[""상품이 발송 되었습니다."", ""송장정보 : 롯데택배(구 현대택배)""]",0,1,1,"[""routine_delivery_notice"", ""routine_delivery_notice""]",상품 발송과 송장 정보를 통해 정상 배송 상태를 안내하고 있다.,parcel,,raw_reason_functional_left,4/5,0.0
[Web발신] 우체국택배 #TRACKING를 #TIME 배달예정입니다.,parcel,0,"해당 문자는 우체국택배의 배달 예정에 대한 안내로 보이며, 특정한 배송 정보를 제공하고 있습니다. 스미싱의 핵심 신호인 의심스러운 링크나 개인 정보 요구가 없고, 정상적인 배송 안내의 성격이 드러나므로 정상 문자로 판단됩니다.","[[8, 39]]","[""우체국택배 #TRACKING를 #TIME 배달예정입니다.""]",0,1,1,"[""routine_delivery_notice""]",정상적인 배송 예정 안내를 제공하고 있다.,parcel,,raw_reason_functional_left,5/5,0.0
"[바디럽]  
안녕하세요.  

주문하신 상품이 배송 완료되었습니다.  

- 상품명 : 마약베개  

▷ 바디럽 바로가기  
#URL  
고객센터  
(#PHONE)",parcel,0,"해당 문자는 주문한 상품의 배송 완료를 알리는 내용으로, 정상적인 안내 성격이 보입니다. 또한, 스미싱의 핵심 신호인 의심스러운 링크나 개인 정보 요구가 없으며, 고객센터 연락처도 제공되어 있어 신뢰성을 높입니다.","[[18, 38]]","[""주문하신 상품이 배송 완료되었습니다.""]",0,1,1,"[""routine_delivery_notice""]",배송 완료에 대한 정상적인 안내를 제공하고 있다.,parcel,,raw_reason_functional_left,4/5,0.0
[Web발신] 시크릿에서 주문하신 상품 #TIME 출고되었습니다. 롯데택배:#TRACKING #URL,parcel,0,"해당 문자는 주문한 상품의 출고를 알리는 내용으로, 정상적인 배송 안내의 성격을 가지고 있습니다. 또한, 스미싱의 핵심 신호인 의심스러운 링크나 개인 정보 요구가 포함되어 있지 않아 신뢰할 수 있는 메시지로 판단됩니다.","[[8, 36]]","[""시크릿에서 주문하신 상품 #TIME 출고되었습니다.""]",0,1,1,"[""routine_delivery_notice""]",정상적인 배송 출발 안내를 제공하고 있다.,parcel,,raw_reason_functional_left,5/5,0.0
"깔끔대장  
안녕하세요. 고객님  
고객님의 소중한 상품이 출고되었습니다  

■ 상품 : 후드커버 : 후드커버 10M (1+1)  
■ 택배사 : CJ대한통운  
■ 송장번호 : #TRACKING  

( ※ 상단에 기재 된 상품명은 주문하신 상품 중 대표 상품명만 표기되어 있습니다. 여러가지 상품을 주문하신 경우에는 함께 배송되고 있으며, 구매 내역 확인은 주문내역을 통해 확인 가능한점 참고 부탁드립니다.)  

깔끔대장을 이용해주셔서 감사합니다:)  

※안전하고 빠르게 배송될 수 있도록  
최선을 다하겠습니다  
※제품 출고는 결제일 또는 입금 확인일로부터 영업일 기준 #TIME 정도 소요됩니다.  

출고 후 기본 배송일은 영업일 기준 #TIME 정도 소요되며,  
택배사 사정에 따라 기간은 소요될 수 있는 점 양해 부탁드립니다.  

▶고객센터 : #PHONE  
▶상담시간 : #TIME  
(주말/공휴일 휴무)  
점심시간 : #TIME  

채널 추가하고 이 채널의 광고와 마케팅 메시지를 카카오톡으로 받기",parcel,0,"이 문자는 고객에게 상품 출고에 대한 안내를 제공하고 있으며, 특정 상품명과 택배사 정보가 포함되어 있습니다. 또한, 고객센터 정보와 상담시간이 명시되어 있어 정상적인 서비스 안내의 성격을 보입니다. 스미싱의 핵심 신호인 불분명한 출처나 악성 링크가 없고, 고객에게 필요한 정보를 제공하는 내용으로 구성되어 있습니다.","[[20, 40]]","[""고객님의 소중한 상품이 출고되었습니다""]",0,1,1,"[""routine_delivery_notice""]",상품 출고와 배송 소요 기간에 대한 정상적인 안내를 제공하고 있다.,parcel,,raw_reason_functional_left,5/5,0.0
"[서울스토어] 배송완료  
[Web발신]  
주문하신 제품이 배송 완료 되었습니다.  
상품에 대한 리뷰를 남기고 마일리지를 최대 1,000원 적립하세요!  
#URL",parcel,0,"해당 문자는 배송 완료에 대한 안내를 포함하고 있으며, 제품 리뷰를 남기고 마일리지를 적립하라는 내용이 있습니다. 이러한 내용은 일반적인 쇼핑몰의 정상적인 고객 서비스 안내로 보이며, 스미싱의 핵심 신호인 악성 링크나 의심스러운 요청이 포함되어 있지 않습니다.","[[25, 46], [49, 86]]","[""주문하신 제품이 배송 완료 되었습니다."", ""상품에 대한 리뷰를 남기고 마일리지를 최대 1,000원 적립하세요!""]",0,1,1,"[""routine_delivery_notice"", ""marketing_or_event_notice""]",정상적인 배송 완료 안내와 마일리지 적립을 유도하는 내용이다.,parcel,,raw_reason_functional_left,5/5,0.0
[Web발신] [#NAME]님 상품이 발송되었습니다. CJ대한통운 #TRACKING,parcel,0,"해당 문자는 상품 발송에 대한 안내로 보이며, 발송된 상품에 대한 추적 정보를 제공하는 내용입니다. 스미싱의 핵심 신호인 의심스러운 링크나 개인 정보 요구가 없고, 정상적인 배송 서비스인 CJ대한통운의 이름이 명시되어 있어 정상 안내 성격이 뚜렷합니다.","[[17, 29]]","[""상품이 발송되었습니다.""]",0,1,1,"[""routine_delivery_notice""]",상품 발송에 대한 일반적인 배송 상태를 전달하고 있다.,parcel,,raw_reason_functional_left,4/5,0.0
"안녕하세요!  
한진택배 배송원입니다.  
주소에  
위탁처 문앞 에 #TIME에 배송하였습니다.  
상품명 신진도 햇 꽃게  
소중한 상품 확인 부탁드립니다!  
감사합니다",parcel,0,"해당 문자는 배송 관련 안내로 보이며, 특정 상품에 대한 배송 완료를 알리는 내용입니다. 스미싱의 핵심 신호인 악성 링크나 개인 정보 요구가 없고, 정상적인 배송 절차를 따르는 안내 성격이 뚜렷하여 정상 문자로 판단됩니다.","[[72, 89]]","[""소중한 상품 확인 부탁드립니다!""]",0,1,1,"[""benign_information""]",정상적인 배송 완료 안내와 상품 확인 요청을 포함하고 있다.,parcel,,raw_reason_functional_left,5/5,0.0
"[CJ대한통운]  
[Web발신]  
[CJ대한통운 택배_배송출발]  

반갑습니다, 고객님.  
고객님의 소중한 상품이 배송 예정입니다.  

ㆍ상품명 : DO 비누 센서티브바_ 2개  
ㆍ배송예정시간 : #TIME  

※ 위탁장소 선택, 실시간 배송정보  
#URL",parcel,0,"이 문자는 고객에게 배송 예정 상품에 대한 정보를 제공하고 있으며, 정상적인 안내 성격이 보입니다. 또한, 스미싱의 핵심 신호인 의심스러운 링크나 개인 정보 요구가 없고, 신뢰할 수 있는 발신자인 CJ대한통운의 이름이 명시되어 있어 스미싱으로 판단할 요소가 부족합니다.","[[55, 77], [107, 121]]","[""고객님의 소중한 상품이 배송 예정입니다."", ""배송예정시간 : #TIME""]",0,1,1,"[""routine_delivery_notice"", ""routine_delivery_notice""]",고객에게 배송 예정 상품과 시간을 안내하는 정상적인 배송 정보이다.,parcel,,raw_reason_functional_left,5/5,0.0
"[AK몰] 고객님께서 주문하신 상품의 배송이 시작되었습니다.

 * 주문일자 : #TIME
 * 주문번호 : #TRACKING
 * 상품명 : 크록스 라이트라이드 204592-4cc/05m
 * 주문총액 : 38,610원
 * 운송장번호 : 롯데택배 : #TRACKING

감사합니다.
#URL",parcel,0,"이 문자는 고객님께서 주문한 상품의 배송에 대한 안내를 포함하고 있으며, 주문일자, 주문번호, 상품명, 주문총액, 운송장번호 등의 구체적인 정보를 제공하고 있습니다. 또한, 스미싱의 핵심 신호인 의심스러운 링크나 개인 정보 요구가 없기 때문에 정상 안내 문자로 판단됩니다.","[[6, 33]]","[""고객님께서 주문하신 상품의 배송이 시작되었습니다.""]",0,1,1,"[""routine_delivery_notice""]",주문한 상품의 배송 시작을 알리는 정상적인 안내 메시지이다.,parcel,,raw_reason_functional_left,4/5,0.0
[Web발신] [CJ대한통운]고객님의 상품의 배송이 지연되고 있습니다.,parcel,0,"해당 문자는 배송 지연에 대한 안내를 포함하고 있으며, 일반적으로 고객에게 제공되는 정보입니다. 스미싱의 핵심 신호인 의심스러운 링크나 개인 정보 요구가 없기 때문에 정상적인 안내 문자로 판단됩니다.","[[16, 39]]","[""고객님의 상품의 배송이 지연되고 있습니다.""]",0,1,1,"[""routine_delivery_notice""]",배송 지연에 대한 일반적인 안내를 제공하고 있다.,parcel,,raw_reason_functional_left,5/5,0.0
[Web발신] 고객님 인터파크 티켓이 #TIME 배송될 예정입니다.(국제-#PHONE),parcel,0,"해당 문자는 고객님께 인터파크 티켓의 배송 예정 시간을 안내하는 내용으로, 정상적인 안내 성격을 가지고 있습니다. 스미싱의 핵심 신호인 의심스러운 링크나 개인 정보 요구가 없으며, 발신자가 명확하고 관련된 서비스에 대한 정보만을 포함하고 있어 스미싱으로 판단할 요소가 부족합니다.","[[8, 37]]","[""고객님 인터파크 티켓이 #TIME 배송될 예정입니다.""]",0,1,1,"[""routine_delivery_notice""]",정상적인 배송 예정 안내를 제공하고 있다.,parcel,,raw_reason_functional_left,5/5,0.0
"[Web발신]  
[CJ대한통운 택배_배송완료]  

고객님의 상품이 배송 완료되었습니다.  

ㆍ상품명 : 의류  
ㆍ인수자(위탁장소) :  
ㆍ운송장번호 : #TRACKING  

※ CJ대한통운 고객센터 : #PHONE",parcel,0,"이 문자는 CJ대한통운에서 발송된 배송 완료 안내로 보입니다. 정상적인 배송 정보를 포함하고 있으며, 스미싱의 핵심 신호인 의심스러운 링크나 개인 정보 요구가 없습니다. 따라서 정상 안내 성격이 뚜렷합니다.",[],[],0,1,0,[],상품 배송 완료에 대한 정상적인 안내를 제공하고 있다.,parcel,,raw_reason_functional_left,5/5,0.0
"한진택배입니다.  
안녕하세요.  
한진택배 배송원 .  
오후에 배송 예정이오니 부재중이시면 위탁 가능한 장소 문자 보내 주시면 배송해드리겠습니다.  
감사합니다.",parcel,0,"해당 문자는 한진택배에서 발송된 것으로 보이며, 배송 일정에 대한 안내와 부재 시 위탁 가능한 장소를 요청하는 내용이 포함되어 있습니다. 이러한 내용은 일반적인 배송 안내의 일환으로, 스미싱의 핵심 신호인 의심스러운 링크나 개인 정보 요구가 없기 때문에 정상 문자로 판단됩니다.","[[33, 83]]","[""오후에 배송 예정이오니 부재중이시면 위탁 가능한 장소 문자 보내 주시면 배송해드리겠습니다.""]",0,1,1,"[""routine_delivery_notice""]",정상적인 배송 예정 안내와 위탁 장소 요청을 포함하고 있다.,parcel,,raw_reason_functional_left,5/5,0.0
[Web발신] [CJ대한통운]고객님의 상품의 배송이 지연되고 있습니다.,parcel,0,"해당 문자는 배송 지연에 대한 안내를 포함하고 있으며, 일반적으로 고객에게 제공되는 정보입니다. 스미싱의 핵심 신호인 의심스러운 링크나 개인 정보 요구가 없기 때문에 정상적인 안내 문자로 판단됩니다.","[[16, 39]]","[""고객님의 상품의 배송이 지연되고 있습니다.""]",0,1,1,"[""routine_delivery_notice""]",배송 지연에 대한 일반적인 안내를 제공하고 있다.,parcel,,raw_reason_functional_left,4/5,0.0
"[니까] 배송 안내  
안녕하세요  
주문해주신 상품이 발송되었습니다.  

■ 주문번호: #TRACKING  
■ 상품명: [기획특가*5켤레이상] 도토미 기모 융털 양말 (2color)  
■ 택배사: CJ대한통운  
■ 운송장번호: #TRACKING  

공휴일을 제외한 #TIME 이내로 배송 완료될 예정입니다.  

문의 사항이 있으시면 고객센터로 문의해주세요.  
■ 고객센터 : #PHONE  

에이블리를 이용해 주셔서 감사합니다.",parcel,0,"이 문자는 주문한 상품의 발송에 대한 안내를 포함하고 있으며, 주문번호와 상품명, 택배사 및 운송장번호와 같은 구체적인 정보를 제공하고 있습니다. 또한, 고객센터 연락처를 안내하고 있어 정상적인 배송 안내의 성격을 보이고 있습니다. 스미싱의 핵심 신호가 부족하며, 신뢰할 수 있는 출처에서 발송된 것으로 보입니다.","[[21, 39], [145, 177]]","[""주문해주신 상품이 발송되었습니다."", ""공휴일을 제외한 #TIME 이내로 배송 완료될 예정입니다.""]",0,1,1,"[""routine_delivery_notice"", ""routine_delivery_notice""]",정상적인 배송 상태와 예상 배송 시간을 안내하고 있다.,parcel,,raw_reason_functional_left,4/5,0.0
"[4xr]  
안녕하세요.  

고객님께서 주문하신 상품이 발송 되었습니다.  

- 주문번호: #TRACKING  
- 상품명: No Season Eco Bag 아이보리  
- 택배사: 대한통운  
- 송장번호 : #TRACKING  

▷ 4XR 바로가기  
#URL  
▷ 고객센터  
#PHONE",parcel,0,"이 문자는 고객님께서 주문한 상품의 발송에 대한 안내를 포함하고 있으며, 주문번호와 상품명, 택배사, 송장번호 등의 구체적인 정보를 제공하고 있습니다. 또한, 고객센터 연락처와 함께 공식적인 링크가 포함되어 있어 정상적인 안내 성격이 보입니다. 스미싱의 핵심 신호인 의심스러운 링크나 개인 정보 요구가 없으므로, 정상 문자로 판단됩니다.","[[18, 42]]","[""고객님께서 주문하신 상품이 발송 되었습니다.""]",0,1,1,"[""routine_delivery_notice""]",주문한 상품의 발송을 알리는 정상적인 배송 안내이다.,parcel,,raw_reason_functional_left,4/5,0.0
"[롯데하이마트] 주문이 완료되었습니다.

택배 배송의 경우, 코로나19 예방 및 고객님의 안전을 위해 가급적 비대면 배송으로 진행되오니 양해 부탁 드립니다.

▶ 상품명 : [20년산] 임금님표 이천쌀(추청) 10kg / 농협쌀 / 특등급  
▶ 주문번호 : #TRACKING  
▶ 결제금액 : 0원

롯데하이마트 임직원은 한마음으로 건강하고 힘찬 대한민국이 되길 응원합니다.",parcel,0,"이 문자는 롯데하이마트에서 주문이 완료되었다는 내용을 담고 있으며, 정상적인 주문 확인 메시지로 보입니다. 또한, 배송 방식에 대한 안내와 상품 정보, 주문번호, 결제금액이 명시되어 있어 신뢰할 수 있는 정보로 판단됩니다. 스미싱의 핵심 신호인 의심스러운 링크나 개인 정보 요구가 없으므로 정상 문자로 분류됩니다.","[[9, 21], [23, 87]]","[""주문이 완료되었습니다."", ""택배 배송의 경우, 코로나19 예방 및 고객님의 안전을 위해 가급적 비대면 배송으로 진행되오니 양해 부탁 드립니다.""]",0,1,1,"[""customer_requested_transaction_notice"", ""routine_delivery_notice""]",주문 완료와 비대면 배송 안내를 통해 정상적인 거래 절차를 전달하고 있다.,parcel,,raw_reason_functional_left,3/5,0.0
"[완츄]  
안녕하세요.  

주문하신 상품이 발송 되었습니다.

- 날짜 : #TIME
- 상품명 : [무배] 클라이 일자 흑청팬츠 - dp0862 외 2건
- 택배사 : 우체국택배
- 운송장번호 : #TRACKING

공휴일 제외 1~2일 내에 배송될 예정입니다.


▷ 완츄 바로가기  
#URL  
고객센터  
(#PHONE)",parcel,0,"이 문자는 주문한 상품의 발송에 대한 안내를 포함하고 있으며, 배송 날짜와 상품명, 택배사, 운송장번호 등의 구체적인 정보를 제공합니다. 또한, 고객센터와 관련된 연락처 정보도 포함되어 있어 정상적인 안내 성격이 보입니다. 스미싱의 핵심 신호인 의심스러운 링크나 개인 정보 요구가 없으므로, 정상 문자로 판단됩니다.","[[17, 35], [124, 149]]","[""주문하신 상품이 발송 되었습니다."", ""공휴일 제외 1~2일 내에 배송될 예정입니다.""]",0,1,1,"[""routine_delivery_notice"", ""routine_delivery_notice""]",주문한 상품의 발송과 배송 예정일을 안내하는 정상적인 배송 정보이다.,parcel,,raw_reason_functional_left,4/5,0.0
"[홈플러스익스프레스] 고객님의 주문이 완료되었습니다. 주문하신 익스프레스 상품을 60분 내외에 배송예정입니다.

● 주문일시 : #TIME
● 상품명 : 다다기오이 3입(봉) 외 4건
● 결제금액 : 34,900원
● 배송지 : #ADDRESS

※ 익스프레스 상품은 주문 즉시 준비하여 취소하실 수 없습니다. ※ 실제 배송시간은 교통상황에 따라 다소 변경될 수 있는 점 양해 부탁드립니다.",parcel,0,"이 문자는 고객의 주문이 완료되었다는 내용을 포함하고 있으며, 주문일시, 상품명, 결제금액, 배송지 등의 구체적인 정보를 제공하고 있습니다. 또한, 배송에 대한 안내와 취소 불가에 대한 설명이 포함되어 있어 정상적인 안내 성격이 보입니다. 스미싱의 핵심 신호인 의심스러운 링크나 개인 정보 요구가 없으므로, 정상 문자로 판단됩니다.","[[12, 61], [138, 173]]","[""고객님의 주문이 완료되었습니다. 주문하신 익스프레스 상품을 60분 내외에 배송예정입니다."", ""※ 익스프레스 상품은 주문 즉시 준비하여 취소하실 수 없습니다.""]",0,1,1,"[""routine_delivery_notice"", ""official_service_notice""]","주문 완료와 배송 예정 시간을 안내하며, 정상적인 서비스 절차를 설명하고 있다.",parcel,,raw_reason_functional_left,5/5,0.0
[펩코코리아(주)] 님 주문하신 상품의 배송안내입니다 □주문번호 : #TRACKING □송장번호 : 우체국택배/#TRACKING ▷[펩코코리아(주)] 바로가기 : #URL,parcel,0,"해당 문자는 주문한 상품의 배송 안내를 포함하고 있으며, 정상적인 기업의 이름과 관련된 정보가 포함되어 있습니다. 또한, 스미싱의 핵심 신호인 의심스러운 링크나 개인 정보 요구가 없고, 배송 관련 정보만을 제공하고 있어 정상 안내 성격이 보입니다.","[[13, 29]]","[""주문하신 상품의 배송안내입니다""]",0,1,1,"[""routine_delivery_notice""]",정상적인 배송 안내를 제공하고 있다.,parcel,,raw_reason_functional_left,5/5,0.0
[비투비] 주문하신 상품의 배송안내입니다 □주문번호 : #TRACKING □송장번호 : 대한통운/#TRACKING ▷[비투비] 바로가기 : #URL,parcel,0,"해당 문자는 주문한 상품의 배송 안내를 포함하고 있으며, 정상적인 배송 관련 정보인 주문번호와 송장번호가 명시되어 있습니다. 또한, 링크가 포함되어 있지만, 이는 배송 정보를 확인하기 위한 정상적인 절차로 보이며, 스미싱의 핵심 신호인 의심스러운 출처나 금융정보 요구가 없습니다. 따라서 정상 안내 성격이 뚜렷합니다.","[[6, 22]]","[""주문하신 상품의 배송안내입니다""]",0,1,1,"[""routine_delivery_notice""]",정상적인 배송 안내를 제공하고 있다.,parcel,,raw_reason_functional_left,5/5,0.0
코로나19 영향으로 [붐바타]에서 주문하신 메뉴가 문앞에 #TIME에 도착 예정입니다.배송기사 올림,parcel,0,"해당 문자는 특정 주문에 대한 배송 안내로 보이며, 정상적인 배송 절차를 따르고 있습니다. 스미싱의 핵심 신호인 악성 링크나 개인 정보 요구가 없고, 배송 시간과 관련된 정보만 포함되어 있어 정상 안내 성격이 뚜렷합니다.","[[0, 48]]","[""코로나19 영향으로 [붐바타]에서 주문하신 메뉴가 문앞에 #TIME에 도착 예정입니다.""]",0,1,1,"[""routine_delivery_notice""]",정상적인 배송 상태를 안내하고 있다.,parcel,,raw_reason_functional_left,4/5,0.0
[대명필터] 님 주문하신 상품의 배송안내입니다 □주문번호 : #TRACKING □송장번호 : 롯데택배/#TRACKING ▷[대명필터] 바로가기 : #URL,parcel,0,"해당 문자는 주문한 상품의 배송 안내를 포함하고 있으며, 주문번호와 송장번호가 명시되어 있습니다. 이러한 정보는 정상적인 배송 안내에서 흔히 볼 수 있는 내용으로, 스미싱의 핵심 신호가 부족합니다. 또한, 링크가 특정 브랜드와 관련된 것으로 보이며, 일반적인 배송 안내 문자로 판단됩니다.","[[9, 25]]","[""주문하신 상품의 배송안내입니다""]",0,1,1,"[""routine_delivery_notice""]",정상적인 배송 안내를 제공하고 있다.,parcel,,raw_reason_functional_left,4/5,0.0
"[다이소몰] 상품이 발송 되었습니다.

- 상품명 : 한미_5423전자렌지찜기_색
- 송장정보 : CJ택배/#TRACKING
- 실시간 배송조회 : #URL",parcel,0,"해당 문자는 상품 발송에 대한 안내로, 송장정보와 실시간 배송조회 링크가 포함되어 있습니다. 스미싱의 핵심 신호인 의심스러운 링크나 개인 정보 요구가 없으며, 정상적인 배송 안내의 성격을 보이고 있습니다.","[[7, 20], [48, 69]]","[""상품이 발송 되었습니다."", ""송장정보 : CJ택배/#TRACKING""]",0,1,1,"[""routine_delivery_notice"", ""routine_delivery_notice""]",상품 발송과 관련된 정상적인 배송 상태를 안내하고 있다.,parcel,,raw_reason_functional_left,4/5,0.0
"[위메프] 배송안내  
[Web발신]  
[위메프] 배송이 시작되었습니다.  

상품명: [슬로비] 국내생산 남자 트렁크팬티  
택배사: 우체국택배  
송장번호: #TRACKING로 발송되었습니다.  

▶배송조회 #URL",parcel,0,"해당 문자는 배송 안내를 포함하고 있으며, 특정 상품과 택배사, 송장번호가 명시되어 있습니다. 또한, 정상적인 배송조회 링크가 포함되어 있어 스미싱의 핵심 신호가 부족합니다. 이러한 요소들은 정상적인 안내 문자로 판단할 수 있는 근거가 됩니다.","[[29, 41], [45, 69]]","[""배송이 시작되었습니다."", ""상품명: [슬로비] 국내생산 남자 트렁크팬티""]",0,1,1,"[""routine_delivery_notice"", ""routine_delivery_notice""]",정상적인 배송 시작 안내와 상품 정보를 제공하고 있다.,parcel,,raw_reason_functional_left,4/5,0.0
[Web발신] 안녕하세요. 고객님! 쿠팡맨 입니다. 요청하신 대로 고객님의 상품 1건(1박스)를 '#ADDRESS'에 소중히 보관하였습니다. 쿠팡의 고객님이 되어주셔서 진심으로 감사드립니다! 오늘도 내일도 고객만족을 위해 노력하겠습니다.,parcel,0,"해당 문자는 고객에게 상품 보관에 대한 안내를 제공하고 있으며, 고객에 대한 감사의 표현이 포함되어 있습니다. 스미싱의 핵심 신호인 의심스러운 링크나 개인 정보 요구가 없고, 정상적인 서비스 안내로 보입니다.","[[37, 78]]","[""고객님의 상품 1건(1박스)를 '#ADDRESS'에 소중히 보관하였습니다.""]",0,1,1,"[""routine_delivery_notice""]",고객의 상품 보관 상태를 안내하는 정상적인 배송 정보이다.,parcel,,raw_reason_functional_left,5/5,0.0
[Web발신] 고객님 인터파크 티켓이 #TIME 배송될 예정입니다.(국제-#PHONE),parcel,0,"해당 문자는 고객님께 인터파크 티켓의 배송 예정 시간을 안내하는 내용으로, 정상적인 안내 성격을 가지고 있습니다. 스미싱의 핵심 신호인 의심스러운 링크나 개인 정보 요구가 없으며, 발신자가 명확하고 관련된 서비스에 대한 정보만을 포함하고 있어 스미싱으로 판단할 요소가 부족합니다.","[[8, 37]]","[""고객님 인터파크 티켓이 #TIME 배송될 예정입니다.""]",0,1,1,"[""routine_delivery_notice""]",정상적인 배송 예정 안내를 제공하고 있다.,parcel,,raw_reason_functional_left,3/5,0.0
"[떠리몰] 님 주문하신 상품의 배송안내입니다 □주문번호 : #TRACKING □송장번호 : #TRACKING (단, 주문수량에 따라 추가 송장(박스)이 있을수 있습니다.) ▷[떠리몰] 바로가기 : #URL □기존 떠리몰 고객전화상담서비스가 종료됨에 따라, 이후 떠리몰 1:1게시판에 문의주시면 보다 정확하고 신속한 서비스로 고객님들에게 빠른 답변 드리도록 하겠습니다.",parcel,0,"해당 문자는 주문한 상품의 배송 안내를 포함하고 있으며, 주문번호와 송장번호가 명시되어 있습니다. 또한, 고객 상담 서비스에 대한 안내가 포함되어 있어 정상적인 안내 성격이 보입니다. 스미싱의 핵심 신호인 의심스러운 링크나 개인 정보 요구가 없으므로 스미싱으로 판단할 요소가 부족합니다.","[[8, 24], [116, 205]]","[""주문하신 상품의 배송안내입니다"", ""기존 떠리몰 고객전화상담서비스가 종료됨에 따라, 이후 떠리몰 1:1게시판에 문의주시면 보다 정확하고 신속한 서비스로 고객님들에게 빠른 답변 드리도록 하겠습니다.""]",0,1,1,"[""routine_delivery_notice"", ""official_service_notice""]",정상적인 배송 안내와 고객 서비스 절차에 대한 정보를 제공하고 있다.,parcel,,raw_reason_functional_left,4/5,0.0
"[Web발신]  
[상패프로]  
고객님 상품이 출고되었습니다. 송장번호 #TRACKING입니다.",parcel,0,"해당 문자는 고객님에게 상품 출고에 대한 안내를 제공하고 있으며, 송장번호가 포함되어 있어 배송 관련 정보를 전달하는 정상적인 안내 성격이 보입니다. 스미싱의 핵심 신호인 의심스러운 링크나 개인 정보 요구가 없기 때문에 정상 문자로 판단됩니다.","[[19, 35]]","[""고객님 상품이 출고되었습니다.""]",0,1,1,"[""routine_delivery_notice""]",상품 출고에 대한 정상적인 안내를 제공하고 있다.,parcel,,raw_reason_functional_left,4/5,0.0
